,Unnamed: 0,Date,Open,High,Low,Close,Adj Close,Volume,Symbol,sma,last_close,sma_direction,gain,perte,ema_gain,ema_perte,rs,rsi_14,rsi_direction,range,atr_14
0,0,2023-01-03,130.27999877929688,130.89999389648438,124.16999816894533,125.06999969482422,124.21630859375,112117500,AAPL,130.4549987792969,125.06999969482422,sell,0.0,5.209999084472656,0.0,5.209999084472656,0.0,0.0,buy,6.729995727539048,
1,1,2023-01-04,126.88999938964844,128.66000366210938,125.08000183105467,126.36000061035156,125.49749755859376,89113600,AAPL,131.46899948120117,126.36000061035156,sell,0.0,0.529998779296875,0.0,2.752998924255371,0.0,0.0,buy,3.5800018310547017,
2,2,2023-01-05,127.12999725341795,127.7699966430664,124.76000213623048,125.0199966430664,124.1666488647461,80962700,AAPL,132.3599998474121,125.0199966430664,sell,0.0,2.1100006103515483,0.0,2.516893798167456,0.0,0.0,buy,3.0099945068359233,
3,3,2023-01-06,126.01000213623048,130.2899932861328,124.88999938964844,129.6199951171875,128.7352294921875,87754700,AAPL,133.6449996948242,129.6199951171875,sell,3.609992980957017,0.0,1.0421491582494682,1.7903054732039643,0.582106893961743,36.79314565807201,none,5.399993896484375,
4,4,2023-01-09,130.47000122070312,133.41000366210938,129.88999938964844,130.14999389648438,129.2615966796875,70790800,AAPL,134.79400024414062,130.14999389648438,sell,0.0,0.32000732421875,0.7900621453657594,1.4346528629301045,0.5506991731450305,35.51295974628897,none,3.5200042724609375,
5,5,2023-01-10,130.25999450683594,131.25999450683594,128.1199951171875,130.72999572753906,129.837646484375,63896200,AAPL,136.03200073242186,130.72999572753906,sell,0.470001220703125,0.0,0.7225439098137282,1.1320066400685882,0.6382859289323155,38.96059397569823,none,3.1399993896484375,
6,6,2023-01-11,131.25,133.50999450683594,130.4600067138672,133.49000549316406,132.57882690429688,69458900,AAPL,137.14500122070314,133.49000549316406,sell,2.2400054931640625,0.0,1.0094583353040012,0.9179722036452513,1.0996611131529475,52.373266631663526,none,3.04998779296875,
7,7,2023-01-12,133.8800048828125,134.25999450683594,131.44000244140625,133.41000366210938,132.49937438964844,71379600,AAPL,138.19200134277344,133.41000366210938,sell,0.0,0.470001220703125,0.8349683897305441,0.8405381682835842,0.9933735566530978,49.83378821985509,none,2.8199920654296875,
8,8,2023-01-13,132.02999877929688,134.9199981689453,131.66000366210938,134.75999450683594,133.84014892578125,57809700,AAPL,139.44400024414062,134.75999450683594,sell,2.7299957275390625,0.0,1.1389400409469426,0.7057117360596366,1.613888479885923,61.742820793806686,none,3.2599945068359375,
9,9,2023-01-17,134.8300018310547,137.2899932861328,134.1300048828125,135.94000244140625,135.01210021972656,63646600,AAPL,140.26800079345702,135.94000244140625,sell,1.1100006103515625,0.0,1.1345820134546454,0.5994376634842199,1.8927439541584845,65.4307461757048,none,3.1599884033203125,
10,10,2023-01-18,136.82000732421875,138.61000061035156,135.02999877929688,135.2100067138672,134.28709411621094,69672800,AAPL,141.10299987792968,135.2100067138672,sell,0.0,1.6100006103515625,0.972685300773903,0.7436377452012095,1.3080095880699534,56.67262366807416,none,3.5800018310546875,
11,11,2023-01-19,134.0800018310547,136.25,133.77000427246094,135.27000427246094,134.3466796875,58280400,AAPL,136.49399948120117,135.27000427246094,sell,1.19000244140625,0.0,1.0022900138316235,0.6423333473911129,1.5603891934032426,60.943437717341304,none,2.4799957275390625,
12,12,2023-01-20,135.27999877929688,138.02000427246094,134.22000122070312,137.8699951171875,136.9289093017578,80223600,AAPL,131.77499923706054,137.8699951171875,buy,2.589996337890625,0.0,1.2100636623847087,0.5582750167336051,2.167504592028199,68.42940646347459,none,3.8000030517578125,
13,13,2023-01-23,138.1199951171875,143.32000732421875,137.89999389648438,141.11000061035156,140.1468048095703,81760300,AAPL,126.60799942016601,141.11000061035156,buy,2.9900054931640625,0.0,1.4349811290511258,0.48773012571775953,2.942162178190984,74.63321003046889,sell,5.420013427734375,
14,14,2023-01-24,140.30999755859375,143.16000366210938,140.3000030517578,142.52999877929688,141.55711364746094,66435100,AAPL,121.23099899291992,142.52999877929688,buy,2.220001220703125,0.0,1.531183811613973,0.42795974918889546,3.5778687470398762,78.15577389267405,sell,2.8600006103515625,
15,15,2023-01-25,140.88999938964844,142.42999267578125,138.80999755859375,141.86000061035156,140.89170837402344,65799300,AAPL,115.77999877929688,141.86000061035156,buy,0.970001220703125,0.0,1.4642402055518708,0.37690832791505063,3.884870927770766,79.52863003370379,sell,3.6199951171875,
16,16,2023-01-26,143.1699981689453,144.25,141.89999389648438,143.9600067138672,142.9773712158203,54105100,AAPL,110.43599853515624,143.9600067138672,buy,0.790008544921875,0.0,1.3857000090015774,0.33300286354063924,4.161225504994699,80.62475667780328,sell,2.350006103515625,
17,17,2023-01-27,143.16000366210938,147.22999572753906,143.0800018310547,145.92999267578125,144.9339141845703,70555800,AAPL,105.19199752807617,145.92999267578125,buy,2.769989013671875,0.0,1.5435982868341063,0.29501904766911835,5.232198730996328,83.95429858443984,sell,4.149993896484375,
18,18,2023-01-30,144.9600067138672,145.5500030517578,142.85000610351562,143.0,142.02392578125,64015300,AAPL,99.71199798583984,143.0,buy,0.0,1.9600067138671875,1.3707819854610652,0.481425713676908,2.8473385332737284,74.00800601892726,sell,2.6999969482421875,
19,19,2023-01-31,142.6999969482422,144.33999633789062,142.27999877929688,144.2899932861328,143.3050994873047,65874500,AAPL,94.62399826049804,144.2899932861328,buy,1.589996337890625,0.0,1.3949209477440898,0.42841313938271647,3.2560181271610302,76.50385947329016,sell,2.05999755859375,3.5344978332519523
20,20,2023-01-03,89.58999633789062,91.0500030517578,88.5199966430664,89.12000274658203,89.12000274658203,28131200,GOOGL,89.3239990234375,89.12000274658203,sell,0.0,0.46999359130859375,1.2435698767409358,0.43292468245041094,2.8724855088006667,74.17679168256703,sell,2.530006408691392,3.3244983673095696
21,21,2023-01-04,90.3499984741211,90.6500015258789,87.2699966430664,88.08000183105469,88.08000183105469,34854800,GOOGL,89.5239990234375,88.08000183105469,sell,0.0,2.2699966430664062,1.1104068307263262,0.6296406873964032,1.7635563472206914,63.81474179074728,none,3.3800048828125,3.3144985198974597
22,22,2023-01-05,87.47000122070312,87.56999969482422,85.9000015258789,86.19999694824219,86.19999694824219,27194400,GOOGL,90.02099914550782,86.19999694824219,sell,0.0,1.2700042724609375,0.9928947695359764,0.6974090428404646,1.423690701646244,58.740609958161336,none,1.6699981689453125,3.247498703002929
23,23,2023-01-06,86.79000091552734,87.69000244140625,84.86000061035156,87.33999633789062,87.33999633789062,41381500,GOOGL,91.20299911499023,87.33999633789062,sell,0.5499954223632812,0.0,0.9465148028823004,0.6243770811602397,1.5159345713386099,60.25333840585738,none,2.8300018310546875,3.1189990997314445
24,24,2023-01-09,88.36000061035156,90.05000305175781,87.86000061035156,88.0199966430664,88.0199966430664,29003900,GOOGL,92.4479995727539,88.0199966430664,sell,0.0,0.34000396728515625,0.8483276416762542,0.5948775015554713,1.4260543380075186,58.7808078189508,none,2.19000244140625,3.0524990081787102
25,25,2023-01-10,85.9800033569336,88.66999816894531,85.83000183105469,88.41999816894531,88.41999816894531,30467800,GOOGL,93.41599960327149,88.41999816894531,sell,2.4399948120117188,0.0,1.0120487886610487,0.5336875563927627,1.896331995262487,65.47357134348914,none,2.839996337890625,3.03749885559082
26,26,2023-01-11,89.18000030517578,91.5999984741211,89.01000213623047,91.5199966430664,91.5199966430664,26862000,GOOGL,94.09599990844727,91.5199966430664,sell,2.339996337890625,0.0,1.1476099338813064,0.47920701883209105,2.3948103612468508,70.54327359738826,sell,2.589996337890625,3.0144992828369133
27,27,2023-01-12,91.4800033569336,91.87000274658205,89.75,91.12999725341795,91.12999725341795,30258100,GOOGL,94.69599990844726,91.12999725341795,sell,0.0,0.3500061035156392,1.0312546955381225,0.466107443051181,2.2124827889197327,68.87142855833721,none,2.1200027465820455,2.9794998168945312
28,28,2023-01-13,90.8499984741211,92.19000244140624,90.12999725341795,92.12000274658205,92.12000274658205,26329200,GOOGL,95.52000045776367,92.12000274658205,sell,1.2700042724609517,0.0,1.0553133341737866,0.4191381010222049,2.5178177111554905,71.57328542553924,sell,2.0600051879882812,2.9195003509521484
29,29,2023-01-17,92.05999755859376,92.25,90.05000305175781,91.29000091552734,91.29000091552734,32602400,GOOGL,96.00200042724609,91.29000091552734,sell,0.0,0.7699966430664205,0.9495550754655565,0.4542994007593633,2.090152603939982,67.63913863914073,none,2.1999969482421875,2.871500778198242
30,30,2023-01-18,92.13999938964844,92.8000030517578,90.63999938964844,91.12000274658205,91.12000274658205,29116700,GOOGL,96.75699996948242,91.12000274658205,sell,0.0,1.019996643066392,0.8548666422216806,0.5107100155287819,1.6738787496394874,62.60114636331855,none,2.160003662109361,2.8005008697509757
31,31,2023-01-19,90.72000122070312,93.61000061035156,90.62999725341795,93.0500030517578,93.0500030517578,37000400,GOOGL,111.60299987792969,93.0500030517578,sell,2.3300018310546733,0.0,1.001309104512927,0.46000982699216175,2.1767124216891753,68.52091510794475,none,2.980003356933608,2.825501251220703
32,32,2023-01-20,95.0999984741211,98.3000030517578,95.0199966430664,98.0199966430664,98.0199966430664,63191100,GOOGL,125.20800018310547,98.0199966430664,sell,2.9199981689453125,0.0,1.1910192634551817,0.41452640864605306,2.8732047913312653,74.18158724170408,sell,3.280006408691392,2.799501419067382
33,33,2023-01-23,97.9499969482422,100.04000091552734,97.5,99.79000091552734,99.79000091552734,40005100,GOOGL,137.6370002746582,99.79000091552734,sell,1.840003967285142,0.0,1.2549550299676386,0.3736886762310447,3.358290228713603,77.05522240323218,sell,2.5400009155273438,2.6555007934570307
34,34,2023-01-24,98.0999984741211,99.61000061035156,97.1999969482422,97.6999969482422,97.6999969482422,33078500,GOOGL,150.1509994506836,97.6999969482422,sell,0.0,0.40000152587889204,1.131725136985058,0.3762724577759934,3.0077278142393538,75.04820570780716,sell,2.410003662109361,2.6330009460449206
35,35,2023-01-25,95.56999969482422,96.16000366210938,93.76000213623048,95.22000122070312,95.22000122070312,42330000,GOOGL,163.09299926757814,95.22000122070312,sell,0.0,0.34999847412109375,1.0209233560448554,0.37370009803402265,2.7319322671194692,73.20422964771919,sell,2.400001525878892,2.5720012664794902
36,36,2023-01-26,96.5,97.56999969482422,95.37999725341795,97.5199966430664,97.5199966430664,30114000,GOOGL,176.45599975585938,97.5199966430664,sell,1.0199966430664062,0.0,1.0208328673644105,0.33721023597356214,3.0272890869316478,75.16940109303427,sell,2.190002441406264,2.564001083374022
37,37,2023-01-27,97.30999755859376,100.31999969482422,97.30999755859376,99.37000274658205,99.37000274658205,33879800,GOOGL,190.28100051879883,99.37000274658205,sell,2.0600051879882812,0.0,1.1220589960993765,0.3043624723447972,3.6865878616870065,78.66251461591003,sell,3.0100021362304545,2.507001495361326
38,38,2023-01-30,97.4800033569336,98.29000091552734,96.4000015258789,96.94000244140624,96.94000244140624,27226200,GOOGL,204.19499969482422,96.94000244140624,sell,0.0,0.540000915527358,1.0129957601594053,0.3272663403363079,3.0953252299592524,75.58191489446249,sell,1.8899993896484375,2.4665016174316383
39,39,2023-01-31,96.87000274658205,98.87999725341795,96.81999969482422,98.83999633789062,98.83999633789062,29870700,GOOGL,218.4239990234375,98.83999633789062,sell,1.9699935913085795,0.0,1.105833119319636,0.2955185747824692,3.742008840336477,78.91189085322237,sell,2.059997558593736,2.466501617431638
40,40,2023-01-03,243.0800018310547,245.75,237.3999938964844,239.5800018310547,237.0360107421875,25740000,MSFT,232.575,239.5800018310547,buy,0.0,3.5,0.9987470388342953,0.605832445672636,1.648553236077376,62.243537853857,none,8.350006103515597,2.757501602172848
41,41,2023-01-04,232.27999877929688,232.8699951171875,225.9600067138672,229.1000061035156,226.66729736328125,50623400,MSFT,232.1979995727539,229.1000061035156,sell,0.0,3.1799926757812784,0.902185341606873,0.8547095597862754,1.0555460989958614,51.35112754277308,none,6.9099884033203125,2.9340007781982385
42,42,2023-01-05,227.1999969482422,227.5500030517578,221.75999450683597,222.30999755859372,219.94937133789065,39585600,MSFT,232.48099822998046,222.30999755859372,sell,0.0,4.889999389648466,0.8150853402348034,1.2442899857901928,0.6550605964390039,39.57925153002975,none,5.790008544921847,3.1400012969970654
43,43,2023-01-06,223.0,225.75999450683597,219.3500061035156,224.92999267578125,222.54156494140625,43613600,MSFT,234.2719985961914,224.92999267578125,sell,1.92999267578125,0.0,0.9225819258101853,1.1243186476587343,0.8205697981896477,45.07214164519329,none,6.409988403320369,3.3190006256103493
44,44,2023-01-09,226.4499969482422,231.2400054931641,226.41000366210935,227.1199951171875,224.7082977294922,27369800,MSFT,236.03699951171876,227.1199951171875,sell,0.6699981689453125,0.0,0.8982571186802215,1.016042349149359,0.8840744870843734,46.92354220307333,none,4.830001831054744,3.4510005950927742
45,45,2023-01-10,227.75999450683597,231.30999755859372,227.3300018310547,228.8500061035156,226.41993713378903,27033900,MSFT,237.52899932861328,228.8500061035156,sell,1.0900115966796307,0.0,0.9167041661032262,0.9182976623285531,0.9982647279954016,49.956580527587576,none,3.979995727539034,3.5080005645751946
46,46,2023-01-11,231.2899932861328,235.9499969482422,231.1100006103516,235.7700042724609,233.26646423339844,28669300,MSFT,238.7049987792969,235.7700042724609,sell,4.480010986328097,0.0,1.2591693419873264,0.8300411673620434,1.516996254522046,60.27010377137448,none,4.839996337890597,3.620500564575193
47,47,2023-01-12,235.25999450683597,239.8999938964844,233.55999755859372,238.50999450683597,235.97735595703125,27269500,MSFT,239.9279983520508,238.50999450683597,sell,3.25,0.0,1.4503392518301266,0.7503362991997186,1.932918950312021,65.9042743102869,none,6.339996337890682,3.831500244140625
48,48,2023-01-13,237.0,239.3699951171875,234.9199981689453,239.22999572753903,236.68972778320312,21333300,MSFT,240.89299926757812,239.22999572753903,sell,2.229995727539034,0.0,1.5251470384764798,0.6783417740051328,2.2483460357624083,69.21510242472387,none,4.4499969482421875,3.9509998321533204
49,49,2023-01-17,237.97000122070312,240.91000366210935,237.08999633789065,240.3500061035156,237.7978363037109,29831300,MSFT,241.24100036621093,240.3500061035156,sell,2.3800048828124716,0.0,1.607112047350331,0.6133013817408238,2.6204278927085207,72.37895548164396,sell,3.820007324218693,4.032000350952146
50,50,2023-01-18,241.57000732421875,242.3800048828125,235.5200042724609,235.80999755859372,233.3060302734375,30028700,MSFT,241.98699951171875,235.80999755859372,sell,0.0,5.760009765625028,1.453118887504901,1.1064579654052906,1.3133069063067662,56.77184046467414,none,6.860000610351591,4.267000198364257
51,51,2023-01-19,233.77999877929688,235.5200042724609,230.67999267578125,231.92999267578125,229.46722412109372,28623000,MSFT,232.72099914550782,231.92999267578125,sell,0.0,1.850006103515625,1.3139622703961582,1.1776631809225169,1.1157369031159419,52.73514402819866,none,4.840011596679659,4.36000061035156
52,52,2023-01-20,234.8600006103516,240.7400054931641,234.50999450683597,240.22000122070312,237.6692047119141,35389800,MSFT,224.2770004272461,240.22000122070312,buy,5.360000610351534,0.0,1.701223775730576,1.064944620715793,1.5974762843415402,61.50109219366752,none,6.230010986328125,4.507500839233396
53,53,2023-01-23,241.1000061035156,245.1699981689453,239.6499938964844,242.5800018310547,240.004150390625,31934000,MSFT,214.5199996948242,242.5800018310547,buy,1.479995727539091,0.0,1.6800592764709246,0.9630632371346272,1.7444952851378213,63.56342802207501,none,5.520004272460909,4.656501007080075
54,54,2023-01-24,242.5,243.9499969482422,240.44000244140625,242.0399932861328,239.4698944091797,40234400,MSFT,205.12099914550782,242.0399932861328,buy,0.0,0.4600067138671875,1.5194000605267466,0.914957394837491,1.6606238378964224,62.41482971938517,none,3.5099945068359375,4.711500549316403
55,55,2023-01-25,234.47999572753903,243.3000030517578,230.8999938964844,240.6100006103516,238.05506896972656,66526600,MSFT,196.5449996948242,240.6100006103516,buy,6.130004882812557,0.0,1.9601274322980726,0.8274966855699488,2.368743544813125,70.31534200519044,sell,12.400009155273409,5.211500930786129
56,56,2023-01-26,243.6499938964844,248.30999755859372,242.0,248.0,245.3665771484375,33454500,MSFT,188.39299926757812,248.0,buy,4.350006103515597,0.0,2.1884954098086715,0.7484241591039671,2.9241378477530646,74.5166954169922,sell,6.309997558593722,5.417500686645502
57,57,2023-01-27,248.9900054931641,249.8300018310547,246.8300018310547,248.16000366210935,245.5248870849609,26498900,MSFT,179.59399871826173,248.16000366210935,buy,0.0,0.8300018310547443,1.979437397340939,0.7562169403377487,2.6175523077502922,72.35699956963755,sell,3.0,5.41700057983398
58,58,2023-01-30,244.50999450683597,245.6000061035156,242.1999969482422,242.7100067138672,240.1327667236328,25867400,MSFT,171.28899841308595,242.7100067138672,buy,0.0,1.7999877929687784,1.7904042477267477,0.8558954106007559,2.0918493376078007,67.65689751319799,none,3.400009155273409,5.492501068115228
59,59,2023-01-31,243.4499969482422,247.9499969482422,242.9499969482422,247.80999755859372,245.17860412597656,26541100,MSFT,163.91699829101563,247.80999755859372,buy,4.360000610351534,0.0,2.035732781971471,0.7741800215211325,2.629534120464128,72.44825460210512,sell,5.0,5.639501190185541
60,60,2023-01-03,148.50999450683594,149.9600067138672,140.9600067138672,143.14999389648438,143.0865020751953,40127700,NVDA,156.83799896240234,143.14999389648438,sell,0.0,5.3600006103515625,1.841419864332205,1.2119016057473797,1.5194466742179136,60.308745160862756,none,9.0,5.672000885009761
61,61,2023-01-04,145.6699981689453,148.52999877929688,142.41000366210938,147.49000549316406,147.4246063232422,43132400,NVDA,159.9,147.49000549316406,sell,1.82000732421875,0.0,1.8393764492311642,1.0962489074202146,1.6778821276636342,62.6570568708165,none,6.1199951171875,5.632501220703121
62,62,2023-01-05,144.91000366210938,145.63999938964844,141.47999572753906,142.64999389648438,142.58673095703125,38916800,NVDA,161.91599884033204,142.64999389648438,sell,0.0,2.260009765625,1.6638771596107191,1.2072861037420382,1.3781962324037826,57.951325194505024,none,4.160003662109375,5.551000976562497
63,63,2023-01-06,144.74000549316406,150.10000610351562,140.33999633789062,148.58999633789062,148.5240936279297,40504400,NVDA,165.48999938964843,148.58999633789062,sell,3.8499908447265625,0.0,1.8724231281239574,1.0921161327146094,1.7144908604818285,63.160679059258364,none,9.760009765625,5.718502044677729
64,64,2023-01-09,152.83999633789062,160.55999755859375,151.41000366210938,156.27999877929688,156.21067810058594,50423100,NVDA,169.8239990234375,156.27999877929688,sell,3.44000244140625,0.0,2.0219399693970614,0.987949311244517,2.0466029444871308,67.1765563737305,none,9.149993896484375,5.93450164794921
65,65,2023-01-10,155.07000732421875,159.6199951171875,154.72000122070312,159.08999633789062,159.01943969726562,38410100,NVDA,173.46099853515625,159.08999633789062,sell,4.019989013671875,0.0,2.2124881463123702,0.8937314337195418,2.4755626386602647,71.22768012072218,sell,4.899993896484375,5.980501556396478
66,66,2023-01-11,158.39999389648438,160.27999877929688,155.6300048828125,160.00999450683594,159.93902587890625,35328500,NVDA,176.8749984741211,160.00999450683594,sell,1.6100006103515625,0.0,2.155038059307655,0.8085098389787397,2.665444445338807,72.71817879352507,sell,4.649993896484375,5.971001434326166
67,67,2023-01-12,161.0,166.3699951171875,154.9199981689453,165.11000061035156,165.03677368164062,55140900,NVDA,180.6759994506836,165.11000061035156,sell,4.1100006103515625,0.0,2.3414313943627825,0.7314235309920929,3.2011977946442287,76.19726447360274,sell,11.449996948242188,6.226501464843741
68,68,2023-01-13,162.77999877929688,169.22000122070312,161.64999389648438,168.99000549316406,168.91506958007812,44728700,NVDA,184.52999877929688,168.99000549316406,sell,6.2100067138671875,0.0,2.7102366814710726,0.661694278472368,4.095904664202489,80.37639897338032,sell,7.57000732421875,6.38250198364257
69,69,2023-01-17,168.99000549316406,177.27999877929688,168.99000549316406,177.02000427246094,176.9414825439453,51110200,NVDA,186.79299774169922,177.02000427246094,sell,8.029998779296875,0.0,3.2173404159176697,0.5986185932246342,5.3746082268954,84.31276143715226,sell,8.289993286132812,6.606001281738275
70,70,2023-01-18,176.6699981689453,178.72999572753906,172.82000732421875,173.77000427246094,173.69293212890625,43962400,NVDA,188.62799682617188,173.77000427246094,sell,0.0,2.899993896484375,2.9106755071617747,0.8179771180159625,3.558382555030071,78.06239410738964,sell,5.9099884033203125,6.558500671386712
71,71,2023-01-19,170.36000061035156,171.97000122070312,167.30999755859375,167.64999389648438,167.5756378173828,45293200,NVDA,179.63699645996093,167.64999389648438,sell,0.0,2.7100067138671875,2.633262444159137,0.9983042359599824,2.6377354210332054,72.51037020949765,sell,4.660003662109375,6.549500274658198
72,72,2023-01-20,170.11000061035156,178.55999755859375,168.25,178.38999938964844,178.31088256835938,56496700,NVDA,171.0969970703125,178.38999938964844,buy,8.279998779296875,0.0,3.171408187230841,0.9031637613588765,3.511443132371945,77.8341437394061,sell,10.30999755859375,6.753499603271479
73,73,2023-01-23,180.63999938964844,192.4499969482422,178.17999267578125,191.92999267578125,191.84487915039065,65516300,NVDA,161.28299713134766,191.92999267578125,buy,11.289993286132812,0.0,3.9450767634900137,0.8170958797185269,4.828168714850224,82.8419517531812,sell,14.270004272460938,7.1909996032714805
74,74,2023-01-24,188.2700042724609,194.9499969482422,188.1999969482422,192.6499938964844,192.5645446777344,49620400,NVDA,150.52899780273438,192.6499938964844,buy,4.379989624023494,0.0,3.9865198143989073,0.7392344292682349,5.392768053762251,84.35732390741936,sell,6.75,7.352999877929683
75,75,2023-01-25,189.1300048828125,193.6999969482422,185.8000030517578,193.22999572753903,193.1443023681641,44953700,NVDA,139.7409980773926,193.22999572753903,buy,4.099990844726534,0.0,3.997331955931503,0.6687961222224815,5.97690659845326,85.66700032616612,sell,7.899993896484375,7.1279991149902315
76,76,2023-01-26,197.00999450683597,201.66000366210935,192.77999877929688,198.0200042724609,197.9321746826172,48953500,NVDA,128.25499877929687,198.0200042724609,buy,1.0100097656249432,0.0,3.7126970158601846,0.6050725825298342,6.135953145219769,85.98645507265024,sell,8.880004882812472,7.256499481201169
77,77,2023-01-27,194.6199951171875,206.27999877929688,194.0500030517578,203.6499938964844,203.55967712402344,54214200,NVDA,116.01399841308594,203.6499938964844,buy,9.029998779296903,0.0,4.2193129389831965,0.5474231545694674,7.707589464865739,88.51576542469186,sell,12.229995727539062,7.717999267578122
78,78,2023-01-30,199.5,201.3999938964844,191.5,191.6199951171875,191.53501892089844,48861100,NVDA,103.69399871826172,191.6199951171875,buy,0.0,7.8800048828125,3.8173255566197613,1.2460215703609983,3.063611134367283,75.39134609749752,sell,9.899993896484403,8.042998504638671
79,79,2023-01-31,191.6999969482422,196.8699951171875,189.5,195.3699951171875,195.2833404541016,49801700,NVDA,92.58999938964844,195.3699951171875,buy,3.6699981689453125,0.0,3.8032896996682752,1.1273132921778637,3.3737646189912973,77.13640108436778,sell,7.3699951171875,8.161498260498046
80,80,2023-01-03,83.08000183105469,85.25,81.94000244140625,83.86000061035156,83.86000061035156,815200,SMCI,81.53600006103515,83.86000061035156,buy,0.779998779296875,0.0,3.5152703949432196,1.0199177423706705,3.446621476328489,77.511015828006,sell,3.30999755859375,7.8769981384277346
81,81,2023-01-04,84.61000061035156,87.73999786376953,82.05999755859375,82.25,82.25,1449600,SMCI,81.0370002746582,82.25,buy,0.0,2.3600006103515625,3.1803913898639276,1.1475795058011031,2.771390891687071,73.48458357355086,sell,5.680000305175781,7.854998397827148
82,82,2023-01-05,81.5199966430664,81.55999755859375,79.62999725341797,80.25,80.25,1097800,SMCI,79.89800033569335,80.25,buy,0.0,1.2699966430664062,2.8774221985959976,1.1592411588897158,2.4821601411667444,71.28219382624555,sell,1.9300003051757812,7.743498229980469
83,83,2023-01-06,81.44999694824219,85.12000274658203,80.52999877929688,84.38999938964844,84.38999938964844,1033100,SMCI,79.07100067138671,84.38999938964844,buy,2.94000244140625,0.0,2.883383552869735,1.0488125806914324,2.749188564241723,73.3275618746519,sell,4.590003967285156,7.484997940063477
84,84,2023-01-09,85.94999694824219,92.8000030517578,84.66000366210938,84.7699966430664,84.7699966430664,2621600,SMCI,78.00700073242187,84.7699966430664,buy,0.0,1.1800003051757812,2.6087201051761797,1.061309174377722,2.4580208747425103,71.08172459848261,sell,8.139999389648423,7.43449821472168
85,85,2023-01-10,81.0,81.5,75.11000061035156,78.37000274658203,78.37000274658203,4158300,SMCI,77.35500106811523,78.37000274658203,buy,0.0,2.6299972534179688,2.3602251491762987,1.2107353525273779,1.949414580361754,66.09496655172339,none,6.3899993896484375,7.5089984893798825
86,86,2023-01-11,78.30999755859375,78.69999694824219,74.04000091552734,75.61000061035156,75.61000061035156,2121400,SMCI,77.2490005493164,75.61000061035156,sell,0.0,2.6999969482421875,2.1354046206751396,1.352593250763032,1.5787485406056136,61.22150010930682,none,4.659996032714844,7.509498596191406
87,87,2023-01-12,76.44999694824219,80.81999969482422,75.66000366210938,80.44999694824219,80.44999694824219,1080300,SMCI,77.31500015258788,80.44999694824219,buy,4.0,0.0,2.313011708356926,1.2237555679339318,1.8900928984225067,65.39903611590381,none,5.159996032714844,7.194998550415039
88,88,2023-01-13,79.61000061035156,82.1500015258789,79.55000305175781,80.58000183105469,80.58000183105469,667900,SMCI,76.70000076293945,80.58000183105469,buy,0.970001220703125,0.0,2.1850886294516663,1.1071916382277347,1.9735414846063193,66.37006730267984,none,2.5999984741210938,6.946498107910156
89,89,2023-01-17,80.55000305175781,84.91000366210938,80.19999694824219,84.83000183105469,84.83000183105469,1169700,SMCI,75.85500030517578,84.83000183105469,buy,4.279998779296875,0.0,2.3846283226990703,1.0017318981647172,2.3805055295413586,70.41862552031759,sell,4.7100067138671875,6.767498779296875
90,90,2023-01-18,85.98999786376953,86.81999969482422,78.63999938964844,78.87000274658203,78.87000274658203,1537600,SMCI,74.60500030517578,78.87000274658203,buy,0.0,7.1199951171875,2.1574956923406905,1.58448821491796,1.3616356827572864,57.656466350793465,none,8.180000305175781,6.880999374389648
91,91,2023-01-19,76.48999786376953,76.75,69.0199966430664,70.86000061035156,70.86000061035156,4910300,SMCI,75.3,70.86000061035156,sell,0.0,5.629997253417969,1.951999307699485,1.9698134252515873,0.9909564442379476,49.772884138469585,none,7.730003356933594,7.0344993591308596
92,92,2023-01-20,71.5,72.91999816894531,70.86000061035156,71.9800033569336,71.9800033569336,1399000,SMCI,76.72799987792969,71.9800033569336,sell,0.48000335693359375,0.0,1.811796498319419,1.7821951264164932,1.0166095010945553,50.411817485872696,none,2.05999755859375,6.621999359130859
93,93,2023-01-23,72.95999908447266,74.91999816894531,71.51000213623047,73.75,73.75,1182200,SMCI,77.84199981689453,73.75,sell,0.7900009155273438,0.0,1.7144746453449875,1.612448324819535,1.0632741644833,51.53334359467311,none,3.4099960327148438,6.078998947143554
94,94,2023-01-24,73.20999908447266,78.47000122070312,72.37000274658203,78.25,78.25,1275900,SMCI,79.075,78.25,sell,5.040000915527344,0.0,2.0312149543412894,1.4588704128892518,1.3923203434625324,58.1995779648537,none,6.099998474121094,6.046498870849609
95,95,2023-01-25,77.18000030517578,78.06999969482422,74.5999984741211,77.30999755859375,77.30999755859375,1044600,SMCI,79.98600006103516,77.30999755859375,sell,0.12999725341796875,0.0,1.8501344353873328,1.319921037799664,1.401700846038143,58.36284099871953,none,3.470001220703125,5.824999237060546
96,96,2023-01-26,79.4000015258789,79.73999786376953,76.01000213623047,76.2699966430664,76.2699966430664,719900,SMCI,81.24200057983398,76.2699966430664,sell,0.0,3.1300048828125,1.6739204438876087,1.4923204554733878,1.1216896731182409,52.86775381574522,none,3.7299957275390625,5.5674987792968755
97,97,2023-01-27,75.73999786376953,76.37999725341797,73.91999816894531,74.30000305175781,74.30000305175781,905000,SMCI,83.1240005493164,74.30000305175781,sell,0.0,1.4399948120117188,1.514490680608396,1.4873367867566405,1.0182567217415288,50.4522893828337,none,2.4599990844726562,5.078998947143555
98,98,2023-01-30,73.06999969482422,75.06999969482422,71.62999725341797,72.12999725341797,72.12999725341797,1148300,SMCI,85.22099990844727,72.12999725341797,sell,0.0,0.94000244140625,1.3702462950672696,1.4352071121792398,0.9547376705698366,48.842240314093694,none,3.44000244140625,4.755999374389647
99,99,2023-01-31,72.55000305175781,73.93000030517578,72.05000305175781,72.33000183105469,72.33000183105469,1571600,SMCI,87.82000045776367,72.33000183105469,sell,0.0,0.220001220703125,1.2397407722193694,1.3194680068768945,0.9395762275083616,48.44234602294387,none,1.8799972534179688,4.481499481201171
100,100,2023-01-03,85.45999908447266,86.95999908447266,84.20999908447266,85.81999969482422,85.81999969482422,76706000,AMZN,90.19200057983399,85.81999969482422,sell,0.3600006103515625,0.0,1.155952581808636,1.1937992680911746,0.968297278031462,49.19466631584624,none,2.75,4.453499603271483
101,101,2023-01-04,86.55000305175781,86.9800033569336,83.36000061035156,85.13999938964844,85.13999938964844,68885100,AMZN,91.15600051879883,85.13999938964844,sell,0.0,1.410003662109375,1.0458578021621836,1.2143909216698932,0.8612200433152433,46.27180146745145,none,3.6200027465820312,4.3504997253417965
102,102,2023-01-05,85.33000183105469,85.41999816894531,83.06999969482422,83.12000274658203,83.12000274658203,67930800,AMZN,92.01000061035157,83.12000274658203,sell,0.0,2.2099990844726562,0.9462489757164807,1.309213908591749,0.722761169513017,41.953648729923735,none,2.3499984741210938,4.371499633789062
103,103,2023-01-06,83.02999877929688,86.4000015258789,81.43000030517578,86.08000183105469,86.08000183105469,83303400,AMZN,93.42300033569336,86.08000183105469,sell,3.0500030517578125,0.0,1.1466125516332388,1.1845231078214384,0.967995089384179,49.18686507937792,none,4.970001220703125,4.39049949645996
104,104,2023-01-09,87.45999908447266,89.4800033569336,87.08000183105469,87.36000061035156,87.36000061035156,65266100,AMZN,94.56699981689454,87.36000061035156,sell,0.0,0.09999847412109375,1.037408375380826,1.081232228020762,0.9594686030399249,48.96575538650646,none,2.4000015258789062,4.1034996032714846
105,105,2023-01-10,87.56999969482422,90.19000244140624,87.29000091552734,89.87000274658203,89.87000274658203,67756600,AMZN,95.4629997253418,89.87000274658203,sell,2.3000030517578125,0.0,1.1576584571800548,0.9782551869353789,1.1833910748857872,54.19968454106144,none,2.900001525878892,3.928999710083007
106,106,2023-01-11,90.93000030517578,95.26000213623048,90.93000030517578,95.08999633789062,95.08999633789062,103126200,AMZN,96.19399948120117,95.08999633789062,sell,4.159996032714844,0.0,1.4436017583976741,0.8850859444541314,1.6310300343635016,61.992072042540556,none,4.330001831054702,3.9125
107,107,2023-01-12,96.93000030517578,97.19000244140624,93.5,95.2699966430664,95.2699966430664,85254800,AMZN,96.60699996948242,95.2699966430664,sell,0.0,1.660003662109375,1.3061130971117443,0.9588891238887591,1.3621106596921488,57.66498085528606,none,3.690002441406236,3.8390003204345695
108,108,2023-01-13,94.18000030517578,98.37000274658205,94.12000274658205,98.12000274658205,98.12000274658205,85549400,AMZN,97.30400009155274,98.12000274658205,buy,3.940002441406264,0.0,1.5569642896698037,0.8675646797622442,1.7946377094287533,64.21718648445461,none,4.25,3.921500396728515
109,109,2023-01-17,98.68000030517578,98.88999938964844,95.7300033569336,96.0500030517578,96.0500030517578,72755000,AMZN,97.54700012207032,96.0500030517578,sell,0.0,2.629997253417983,1.4086795223924091,1.0354181788826802,1.360493326389648,57.635974276212394,none,3.1599960327148438,3.8439998626708975
110,110,2023-01-18,97.25,99.31999969482422,95.37999725341795,95.45999908447266,95.45999908447266,79570400,AMZN,98.25499954223633,95.45999908447266,sell,0.0,1.7900009155273438,1.2745175590756286,1.1072842774692941,1.151030123888824,53.51064641567591,none,3.940002441406264,3.631999969482422
111,111,2023-01-19,94.73999786376952,95.44000244140624,92.86000061035156,93.68000030517578,93.68000030517578,69002700,AMZN,89.15899963378907,93.68000030517578,buy,0.0,1.0599975585937358,1.153133290012225,1.102780719423943,1.0456596399459945,51.116012631192156,none,2.5800018310546733,3.3744998931884758
112,112,2023-01-20,93.86000061035156,97.3499984741211,93.1999969482422,97.25,97.25,67481500,AMZN,80.26799960136414,97.25,buy,3.3899993896484375,0.0,1.3661707677990158,0.9977526969347168,1.3692478827630818,57.79251266719409,none,4.150001525878892,3.479000091552733
113,113,2023-01-23,97.55999755859376,97.77999877929688,95.86000061035156,97.5199966430664,97.5199966430664,76501100,AMZN,71.00599961280822,97.5199966430664,buy,0.0,0.04000091552735796,1.236057823219882,0.9065372300311274,1.363493723448556,57.6897543632607,none,1.9199981689453125,3.404500198364256
114,114,2023-01-24,96.93000030517578,98.08999633789062,96.0,96.31999969482422,96.31999969482422,66929500,AMZN,61.7159999370575,96.31999969482422,buy,0.0,0.6100006103515625,1.1183368493985735,0.8782953638444615,1.2733038285701588,56.01115929017853,none,2.089996337890625,3.204000091552733
115,115,2023-01-25,92.55999755859376,97.23999786376952,91.5199966430664,97.18000030517578,97.18000030517578,94261600,AMZN,52.56599998474121,97.18000030517578,buy,4.620002746582017,0.0,1.451831867000001,0.7946474269981278,1.8270138651105472,64.6269863638997,none,5.720001220703111,3.316500091552732
116,116,2023-01-26,98.23999786376952,99.48999786376952,96.91999816894533,99.22000122070312,99.22000122070312,68523600,AMZN,43.35999994277954,99.22000122070312,buy,0.980003356933608,0.0,1.4068954493492494,0.7189660980770367,1.9568314182159137,66.1800130423608,none,2.5699996948241903,3.258500289916989
117,117,2023-01-27,99.52999877929688,103.48999786376952,99.52999877929688,102.23999786376952,102.23999786376952,87775600,AMZN,33.952999830245965,102.23999786376952,buy,2.709999084472642,0.0,1.5310014796900033,0.6504926275280322,2.353603123079249,70.1813254789133,sell,3.959999084472642,3.333500289916988
118,118,2023-01-30,101.08999633789062,101.73999786376952,99.01000213623048,100.5500030517578,100.5500030517578,70691900,AMZN,24.265000057220455,100.5500030517578,buy,0.0,0.5399932861328267,1.3851908346290256,0.6399688099737144,2.1644661631024174,68.39909329225982,none,2.729995727539034,3.297999954223627
119,119,2023-01-31,101.16000366210938,103.3499984741211,101.13999938964844,103.12999725341795,103.12999725341795,66527300,AMZN,14.753999757766724,103.12999725341795,buy,1.9699935913085795,0.0,1.44088667406213,0.5790190287434217,2.4884962367974683,71.33435348297735,sell,2.2099990844726562,3.3145000457763616
120,120,2023-01-03,4.650000095367432,4.75,4.429999828338623,4.5,4.5,29303200,SOFI,5.005000019073487,4.5,sell,0.0,0.15000009536743164,1.3036586165148736,0.5381598578329103,2.4224374923921546,70.78105875642925,sell,0.32000017166137695,3.1930000543594304
121,121,2023-01-04,4.539999961853027,4.880000114440918,4.494999885559082,4.769999980926514,4.769999980926514,48731400,SOFI,5.111000013351441,4.769999980926514,sell,0.23000001907348633,0.0,1.2014049075866504,0.48690628282234516,2.467425354675492,71.16015781993417,sell,0.38500022888183594,3.0312499284744208
122,122,2023-01-05,4.659999847412109,4.730000019073486,4.559999942779541,4.630000114440918,4.630000114440918,30512000,SOFI,5.175,4.630000114440918,sell,0.0,0.029999732971191406,1.0869848770866422,0.44339117726593474,2.451525724506458,71.02730560865247,sell,0.1700000762939453,2.922250008583063
123,123,2023-01-06,4.659999847412109,4.695000171661377,4.489999771118164,4.619999885559082,4.619999885559082,31589500,SOFI,5.278999996185303,4.619999885559082,sell,0.0,0.039999961853027344,0.9834620858621643,0.40497280967382504,2.428464485441056,70.83242354568668,sell,0.2050004005432129,2.6839999675750676
124,124,2023-01-09,4.670000076293945,5.0,4.670000076293945,4.820000171661377,4.820000171661377,50435000,SOFI,5.403999996185303,4.820000171661377,sell,0.15000009536743164,0.0,0.9040844606911891,0.36640382841573044,2.467453641519797,71.16039309002278,sell,0.3299999237060547,2.580499887466425
125,125,2023-01-10,4.800000190734863,5.130000114440918,4.78000020980835,5.119999885559082,5.119999885559082,42334400,SOFI,5.500999975204468,5.119999885559082,sell,0.31999969482421875,0.0,0.84845715451848,0.3315081092714706,2.5593858213093723,71.90526539682244,sell,0.34999990463256836,2.452999806404109
126,126,2023-01-11,5.150000095367432,5.190000057220459,4.980000019073486,5.150000095367432,5.150000095367432,41602100,SOFI,5.567999982833863,5.150000095367432,sell,0.0,0.0,0.7676514672821317,0.29993581307307704,2.5593858213093728,71.90526539682244,sell,0.21000003814697266,2.2469997167587223
127,127,2023-01-12,5.190000057220459,5.380000114440918,4.989999771118164,5.360000133514404,5.360000133514404,49408800,SOFI,5.623999977111817,5.360000133514404,sell,0.1700000762939453,0.0,0.7107321317164367,0.2713704195177335,2.6190479160533258,72.3684233202823,sell,0.3900003433227539,2.081999611854548
128,128,2023-01-13,5.224999904632568,5.489999771118164,5.190000057220459,5.440000057220459,5.440000057220459,32477100,SOFI,5.681999969482422,5.440000057220459,sell,0.21500015258789062,0.0,0.6635194455989026,0.2455255537884802,2.7024455717978886,72.9908251017339,sell,0.2999997138977051,1.8844995975494334
129,129,2023-01-17,5.449999809265137,5.71999979019165,5.360000133514404,5.639999866485596,5.639999866485596,37801400,SOFI,5.8059999465942385,5.639999866485596,sell,0.19000005722045898,0.0,0.6184222601569093,0.22214211542946227,2.7839037138965192,73.57226622000277,sell,0.3599996566772461,1.7444997787475536
130,130,2023-01-18,5.650000095367432,5.699999809265137,5.480000019073486,5.559999942779541,5.559999942779541,38396700,SOFI,5.934999942779541,5.559999942779541,sell,0.0,0.09000015258789062,0.559524782897616,0.20955714112810847,2.670034434930385,72.75229925686055,sell,0.2199997901916504,1.558499646186823
131,131,2023-01-19,5.409999847412109,5.53000020980835,5.309999942779541,5.409999847412109,5.409999847412109,32006500,SOFI,6.652999925613403,5.409999847412109,sell,0.0,0.0,0.5062366108012177,0.18959928163413994,2.670034434930385,72.75229925686055,sell,0.2200002670288086,1.4404995679855297
132,132,2023-01-20,5.485000133514404,5.75,5.431000232696533,5.670000076293945,5.670000076293945,31135600,SOFI,7.4709999561309814,5.670000076293945,sell,0.18499994277954102,0.0,0.475642591754226,0.1715421772900636,2.772744285214206,73.49409542758812,sell,0.3189997673034668,1.2489494800567584
133,133,2023-01-23,5.710000038146973,5.889999866485596,5.630000114440918,5.869999885559082,5.869999885559082,39018500,SOFI,8.302999925613403,5.869999885559082,sell,0.15999984741210938,0.0,0.4455813329667548,0.15520480259377223,2.870924903870431,74.16638077891598,sell,0.25999975204467773,1.1659495592117266
134,134,2023-01-24,5.775000095367432,6.0,5.730000019073486,5.789999961853027,5.789999961853027,32563800,SOFI,9.133999967575074,5.789999961853027,sell,0.014999866485595703,0.0,0.4045735186640986,0.14042337278524072,2.8810981437031935,74.23409656304545,sell,0.26999998092651367,1.0749497413635212
135,135,2023-01-25,5.639999866485596,5.869999885559082,5.539999961853027,5.789999961853027,5.789999961853027,30127800,SOFI,10.015999937057495,5.789999961853027,sell,0.15000009536743164,0.0,0.3803284009945764,0.12704970183153003,2.99354028787016,74.95956149391142,sell,0.3299999237060547,0.8054496765136683
136,136,2023-01-26,5.900000095367432,5.940000057220459,5.650000095367432,5.710000038146973,5.710000038146973,29992300,SOFI,10.955999898910523,5.710000038146973,sell,0.0,0.19000005722045898,0.34410660832410056,0.13304498042620713,2.586393017021472,72.11683172329764,sell,0.28999996185302734,0.6914496898651101
137,137,2023-01-27,5.690000057220459,6.039999961853027,5.630000114440918,5.940000057220459,5.940000057220459,48503500,SOFI,11.918999910354614,5.940000057220459,sell,0.25,0.0,0.3351440651995911,0.12037401718776243,2.784189420851719,73.57426151847,sell,0.4099998474121094,0.5139497280120835
138,138,2023-01-30,6.590000152587891,7.005000114440918,6.369999885559082,6.679999828338623,6.679999828338623,164184300,SOFI,13.007999897003174,6.679999828338623,sell,0.08999967575073242,0.0,0.31179695928208306,0.10890981466076591,2.86289128535636,74.11265484506774,sell,0.6350002288818359,0.40919995307922363
139,139,2023-01-31,6.659999847412109,6.949999809265137,6.510000228881836,6.929999828338623,6.929999828338623,68287100,SOFI,14.041999959945679,6.929999828338623,sell,0.26999998092651367,0.0,0.30781629140520117,0.09853744283500442,3.123851020983189,75.75082138244692,sell,0.4399995803833008,0.32069997787475585
140,140,2023-01-03,12.90999984741211,13.0,12.529999732971191,12.739999771118164,12.739999771118164,21865100,AAL,15.056999969482423,12.739999771118164,sell,0.0,0.1700000762939453,0.2785004323293532,0.10534341298722584,2.6437384591205975,72.55565921596508,sell,0.4700002670288086,0.32819998264312744
141,141,2023-01-04,12.859999656677246,13.609999656677246,12.859999656677246,13.59000015258789,13.59000015258789,34359100,AAL,15.44699993133545,13.59000015258789,sell,0.7300004959106445,0.0,0.3215004673141719,0.09531070023865866,3.3731833520174805,77.1333621413639,sell,0.75,0.34644997119903564
142,142,2023-01-05,13.5,14.010000228881836,13.420000076293944,13.989999771118164,13.989999771118164,27378000,AAL,15.715999984741211,13.989999771118164,sell,0.48999977111816406,0.0,0.3375480298256165,0.08623348516678728,3.914349851136745,79.65142836201031,sell,0.5900001525878924,0.367449975013733
143,143,2023-01-06,14.010000228881836,14.25,13.920000076293944,14.18000030517578,14.18000030517578,29546400,AAL,15.951000022888184,14.18000030517578,sell,0.17000007629394354,0.0,0.32159107308221674,0.0780207677707559,4.121865014544974,80.47586187530871,sell,0.32999992370605646,0.37369995117187516
144,144,2023-01-09,14.25,14.789999961853027,14.229999542236328,14.609999656677246,14.609999656677246,31496900,AAL,16.15,14.609999656677246,sell,0.3599996566772461,0.0,0.32524903524729387,0.07059021475675131,4.607565458868175,82.16694914513153,sell,0.5600004196166992,0.3851999759674074
145,145,2023-01-10,14.5600004196167,15.199999809265137,14.5600004196167,15.1899995803833,15.1899995803833,31109900,AAL,16.291000080108642,15.1899995803833,sell,0.6299991607666016,0.0,0.354272869810015,0.06386733413002257,5.547012015387682,84.72585665568258,sell,0.6399993896484375,0.3996999502182009
146,146,2023-01-11,15.09000015258789,15.5,15.050000190734863,15.34000015258789,15.34000015258789,28664300,AAL,16.398000144958495,15.34000015258789,sell,0.25,0.0,0.34434211625364464,0.05778472839851044,5.959050527656733,85.6302236055653,sell,0.4499998092651367,0.41169993877410904
147,147,2023-01-12,16.030000686645508,16.899999618530273,15.880000114440918,16.829999923706055,16.829999923706055,96441800,AAL,16.525000190734865,16.829999923706055,buy,0.7999992370605469,0.0,0.3877380485359465,0.052281418901026167,7.416364297035865,88.11838503292702,sell,1.0199995040893555,0.44319989681243915
148,148,2023-01-13,16.219999313354492,17.06999969482422,16.010000228881836,17.020000457763672,17.020000457763672,50828000,AAL,16.485000228881837,17.020000457763672,buy,0.8000011444091797,0.0,0.4270012136336997,0.047302234486016156,9.02708335607133,90.02701020337577,sell,1.0599994659423828,0.48119988441467304
149,149,2023-01-17,16.899999618530273,17.1200008392334,16.739999771118164,17.079999923706055,17.079999923706055,32875700,AAL,16.379000186920166,17.079999923706055,buy,0.18000030517578125,0.0,0.4034773104835957,0.04279725841212398,9.427643859759371,90.41010593141722,sell,0.3800010681152344,0.4821999549865724
150,150,2023-01-18,17.530000686645508,17.639999389648438,16.600000381469727,16.639999389648438,16.639999389648438,42352600,AAL,16.285000133514405,16.639999389648438,buy,0.0,0.8900012969970703,0.3650508894584256,0.12348337937855482,2.9562755027890297,74.72370164072152,sell,1.039999008178711,0.5231999158859255
151,151,2023-01-19,16.40999984741211,16.489999771118164,16.010000228881836,16.280000686645508,16.280000686645508,32630200,AAL,15.232000207901,16.280000686645508,buy,0.0,0.12999916076660156,0.3302841294838025,0.12410393014039904,2.661351087835424,72.6876779634046,sell,0.4799995422363281,0.5361998796463014
152,152,2023-01-20,16.3700008392334,16.540000915527344,16.139999389648438,16.34000015258789,16.34000015258789,22487700,AAL,14.24300012588501,16.34000015258789,buy,0.0,0.030000686645507812,0.2988284910664236,0.1151417144689887,2.595310417641102,72.18598997479322,sell,0.40000152587890625,0.5402499675750734
153,153,2023-01-23,16.389999389648438,16.440000534057617,16.15999984741211,16.170000076293945,16.170000076293945,23408500,AAL,13.24300012588501,16.170000076293945,buy,0.0,0.2199993133544922,0.2703686290131435,0.12512815447967787,2.160733770408595,68.36177695944548,none,0.2800006866455078,0.5412500143051149
154,154,2023-01-24,16.010000228881836,16.43000030517578,15.960000038146973,16.020000457763672,16.020000457763672,21641500,AAL,12.262000131607056,16.020000457763672,buy,0.010000228881835938,0.0,0.24557163398276768,0.11321118520372933,2.169146392565796,68.44576185102062,none,0.4700002670288086,0.5512500286102296
155,155,2023-01-25,15.970000267028809,16.479999542236328,15.899999618530272,16.260000228881836,16.260000228881836,34131000,AAL,11.275000095367432,16.260000228881836,buy,0.28999996185302734,0.0,0.24980290400491348,0.10242916577857793,2.4387868641331583,70.91997732019726,sell,0.5799999237060565,0.5637500286102297
156,156,2023-01-26,16.540000915527344,16.739999771118164,15.729999542236328,16.610000610351562,16.610000610351562,47488900,AAL,10.265000057220458,16.610000610351562,buy,0.06999969482421875,0.0,0.2326787862774429,0.09267400567041623,2.5107233101042006,71.51584127630042,sell,1.010000228881836,0.5997500419616701
157,157,2023-01-27,16.540000915527344,16.809999465942383,16.3700008392334,16.43000030517578,16.43000030517578,26257000,AAL,9.217999982833863,16.43000030517578,buy,0.0,0.1100006103515625,0.21051889886407463,0.09432415872103563,2.23186617000938,69.05812470579195,none,0.4399986267089844,0.6012499809265139
158,158,2023-01-30,16.290000915527344,16.600000381469727,15.90999984741211,15.960000038146973,15.960000038146973,23586000,AAL,8.222999954223633,15.960000038146973,buy,0.0,0.3300008773803711,0.19046947746395107,0.11676956325286478,1.6311568884734882,61.99390449194508,none,0.6900005340576172,0.603999996185303
159,159,2023-01-31,16.010000228881836,16.239999771118164,15.90999984741211,16.139999389648438,16.139999389648438,19866900,AAL,7.261999940872192,16.139999389648438,buy,0.12999916076660156,0.0,0.184710399043749,0.10564865123198444,1.748346021362449,63.61447968242857,none,0.3299999237060547,0.5985000133514407
160,160,2023-01-03,6.440000057220459,6.590000152587891,6.019999980926514,6.110000133514404,6.110000133514404,3295000,IOVA,6.290999984741211,6.110000133514404,sell,0.0,0.3299999237060547,0.16711893070079234,0.12701544123331443,1.3157371188736957,56.81720555196828,none,0.570000171661377,0.6035000085830691
161,161,2023-01-04,6.110000133514404,6.449999809265137,6.110000133514404,6.389999866485596,6.389999866485596,2892600,IOVA,6.306999969482422,6.389999866485596,buy,0.2799997329711914,0.0,0.1778694842751844,0.1149187314448523,1.5477849610665184,60.75021968960073,none,0.3399996757507324,0.5829999923706057
162,162,2023-01-05,6.329999923706055,6.409999847412109,6.150000095367432,6.340000152587891,6.340000152587891,3970000,IOVA,6.283999967575073,6.340000152587891,buy,0.010000228881835938,0.0,0.1618819348276418,0.10397408945476075,1.5569449626974308,60.8908281332322,none,0.25999975204467773,0.566499972343445
163,163,2023-01-06,6.389999866485596,6.510000228881836,6.239999771118164,6.360000133514404,6.360000133514404,2745600,IOVA,6.2769999504089355,6.360000133514404,buy,0.0,0.029999732971191406,0.14646460655400975,0.09692891212257625,1.5110517940074546,60.176050434862866,none,0.2700004577636719,0.5634999990463258
164,164,2023-01-09,6.409999847412109,6.449999809265137,6.110000133514404,6.150000095367432,6.150000095367432,3186600,IOVA,6.340999937057495,6.150000095367432,sell,0.0,0.25999975204467773,0.1325155954669259,0.11245946935119017,1.1783409279044716,54.093503583849774,none,0.3399996757507324,0.5524999618530274
165,165,2023-01-10,6.070000171661377,6.309999942779541,5.920000076293945,6.159999847412109,6.159999847412109,3079800,IOVA,6.494999933242798,6.159999847412109,sell,0.08999967575073242,0.0,0.1284664600092235,0.10174904304631444,1.2625815060565015,55.802697170325594,none,0.3899998664855957,0.5399999856948854
166,166,2023-01-11,6.170000076293945,6.269999980926514,5.949999809265137,6.139999866485596,6.139999866485596,2782100,IOVA,6.652999925613403,6.139999866485596,sell,0.0,0.03000020980834961,0.11623155838170067,0.09491582045659713,1.2245751848592064,55.04759709601408,none,0.32000017166137695,0.5335000038146973
167,167,2023-01-12,6.130000114440918,6.480000019073486,5.949999809265137,6.480000019073486,6.480000019073486,4022900,IOVA,6.807999944686889,6.480000019073486,sell,0.34999990463256836,0.0,0.1384952115156871,0.08587621805762362,1.6127306796714747,61.72586758441784,none,0.5300002098083496,0.5090000391006471
168,168,2023-01-13,6.369999885559082,6.559999942779541,6.199999809265137,6.349999904632568,6.349999904632568,3063800,IOVA,6.975999927520752,6.349999904632568,sell,0.0,0.019999980926513672,0.12530519077629998,0.07960229042877051,1.574140519090028,61.15208192466877,none,0.3600001335144043,0.47400007247924814
169,169,2023-01-17,6.440000057220459,6.5,6.230000019073486,6.429999828338623,6.429999828338623,3905200,IOVA,7.135999917984009,6.429999828338623,sell,0.0,0.010000228881835938,0.1133713625962261,0.072973522391835,1.5535958643667065,60.83953557592401,none,0.26999998092651367,0.4685000181198121
170,170,2023-01-18,6.480000019073486,6.800000190734863,6.230000019073486,6.269999980926514,6.269999980926514,3234700,IOVA,7.288999938964844,6.269999980926514,sell,0.0,0.21000003814697266,0.10257408956928268,0.08602366723139464,1.1923938245200492,54.38775694330756,none,0.570000171661377,0.4450000762939454
171,171,2023-01-19,6.269999980926514,6.300000190734863,6.079999923706055,6.159999847412109,6.159999847412109,2532600,IOVA,6.7690972805023195,6.159999847412109,sell,0.0,0.1100001335144043,0.09280512833152325,0.08830714028702398,1.050935723089656,51.241767904186766,none,0.2200002670288086,0.4320001125335694
172,172,2023-01-20,6.230000019073486,6.309999942779541,6.099999904632568,6.269999980926514,6.269999980926514,4455400,IOVA,6.259874439239502,6.269999980926514,buy,0.039999961853027344,0.0,0.0877760647053533,0.07989693619592594,1.0986161533166416,52.34955194547582,none,0.21000003814697266,0.42250003814697273
173,173,2023-01-23,6.650000095367432,7.119999885559082,6.5,7.0,7.0,9520900,IOVA,5.738342988491058,7.0,buy,0.34999990463256836,0.0,0.11274976442908992,0.0722877039691481,1.5597364176514825,60.933477638393555,none,0.619999885559082,0.43949999809265144
174,174,2023-01-24,6.989999771118164,7.860000133514404,6.860000133514404,7.690000057220459,7.690000057220459,19669500,IOVA,5.144406640529633,7.690000057220459,buy,0.7000002861022949,0.0,0.16867838692482887,0.06540316056362679,2.5790555910632462,72.05966840814212,sell,1.0,0.465999984741211
175,175,2023-01-25,7.550000190734863,7.829999923706055,7.170000076293945,7.739999771118164,7.739999771118164,10897900,IOVA,4.48062881231308,7.739999771118164,buy,0.18999958038330078,0.0,0.17070897682347988,0.05917428798953641,2.884850542750354,74.2589839944774,sell,0.6599998474121094,0.4699999809265137
176,176,2023-01-26,7.840000152587891,7.880000114440918,7.429999828338623,7.690000057220459,7.690000057220459,5459100,IOVA,3.813192069530487,7.690000057220459,buy,0.0,0.15000009536743164,0.15445097870143146,0.06782436505789272,2.2772196771705424,69.48632992270535,none,0.4500002861022949,0.44199998378753663
177,177,2023-01-27,8.239999771118164,8.430000305175781,7.920000076293945,8.15999984741211,8.15999984741211,7545800,IOVA,3.1515239000320436,8.15999984741211,buy,0.0,0.07999992370605469,0.13974136141265497,0.06898394209325569,2.0257085514734157,66.94989015009278,none,0.5100002288818359,0.4455000638961792
178,178,2023-01-30,8.050000190734863,8.1899995803833,7.769999980926514,7.949999809265137,7.949999809265137,4104800,IOVA,2.4429133772850036,7.949999809265137,buy,0.0,0.10000038146972656,0.12643266010504858,0.07193788874952141,1.7575253083291205,63.735600286985786,none,0.4199995994567871,0.4320000171661377
179,179,2023-01-31,8.010000228881836,8.1899995803833,7.900000095367432,7.960000038146973,7.960000038146973,4476700,IOVA,1.7555734038352966,7.960000038146973,buy,0.0,0.05000019073486328,0.11439145420010528,0.0698485841453512,1.6377061267564528,62.08827094663177,none,0.28999948501586914,0.4299999952316284
180,180,2023-01-02,1.0709733963012695,1.071237325668335,1.0653257369995115,1.0709733963012695,1.0709733963012695,0,EURUSD=X,1.0681757926940918,1.0709733963012695,buy,0.0,0.0,0.10349702984269,0.06319633794597221,1.637706126756453,62.08827094663177,none,0.005911588668823464,0.40179556608200073
181,181,2023-01-03,1.0677714347839355,1.068261981010437,1.052155375480652,1.0677714347839355,1.0677714347839355,0,EURUSD=X,1.0693246483802796,1.0677714347839355,sell,0.0,0.0,0.09364016973661703,0.057177639020057514,1.637706126756453,62.08827094663177,none,0.016106605529784934,0.38560091257095336
182,182,2023-01-04,1.0546854734420776,1.063151240348816,1.0545964241027832,1.0546854734420776,1.0546854734420776,0,EURUSD=X,1.0708487987518311,1.0546854734420776,sell,0.0,0.0,0.08472205823403488,0.051732149529067545,1.637706126756453,62.08827094663177,none,0.008554816246032715,0.3730286657810211
183,183,2023-01-05,1.0606365203857422,1.06326425075531,1.0515578985214231,1.0606365203857422,1.0606365203857422,0,EURUSD=X,1.073313331604004,1.0606365203857422,sell,0.0,0.0,0.07665329070205598,0.046805278095815084,1.6377061267564532,62.08827094663177,none,0.01170635223388694,0.36011396050453187
184,184,2023-01-06,1.0522217750549316,1.062225103378296,1.0485258102416992,1.0522217750549316,1.0522217750549316,0,EURUSD=X,1.075228214263916,1.0522217750549316,sell,0.0,0.0,0.06935297723545711,0.04234763252233393,1.6377061267564532,62.08827094663177,none,0.01369929313659668,0.34379894137382505
185,185,2023-01-09,1.0656323432922363,1.0759514570236206,1.0652804374694824,1.0656323432922363,1.0656323432922363,0,EURUSD=X,1.0783448696136475,1.0656323432922363,sell,0.0,0.0,0.06274793173010404,0.038314524629873,1.6377061267564534,62.08827094663178,none,0.010671019554138184,0.3248324990272522
186,186,2023-01-10,1.073318362236023,1.0756852626800537,1.0713175535202026,1.073318362236023,1.073318362236023,0,EURUSD=X,1.080432415008545,1.073318362236023,sell,0.0,0.0,0.056771938187502445,0.03466552225700082,1.6377061267564534,62.08827094663178,none,0.004367709159851074,0.3090508759021759
187,187,2023-01-11,1.0738946199417114,1.077470064163208,1.0726851224899292,1.0738946199417114,1.0738946199417114,0,EURUSD=X,1.0818435072898864,1.0738946199417114,sell,0.0,0.0,0.0513650868951253,0.031364043924569075,1.6377061267564534,62.08827094663178,none,0.004784941673278809,0.28279011249542235
188,188,2023-01-12,1.0766000747680664,1.0838346481323242,1.073802471160889,1.0766000747680664,1.0766000747680664,0,EURUSD=X,1.0833355069160462,1.0766000747680664,sell,0.0,0.0,0.04647317382767741,0.028376992104022655,1.6377061267564537,62.08827094663178,none,0.010032176971435325,0.26529171466827395
189,189,2023-01-13,1.0860239267349243,1.0867793560028076,1.0780625343322754,1.0860239267349243,1.0860239267349243,0,EURUSD=X,1.0848958849906922,1.0860239267349243,buy,0.0,0.0,0.04204715724825257,0.02567442141254533,1.6377061267564537,62.08827094663178,none,0.008716821670532227,0.25222755670547486
190,190,2023-01-16,1.082461953163147,1.0875475406646729,1.080263614654541,1.082461953163147,1.082461953163147,0,EURUSD=X,1.0852378129959106,1.082461953163147,sell,0.0,0.0,0.038042666061772125,0.023229238408674233,1.6377061267564537,62.08827094663178,none,0.007283926010131836,0.2240917444229126
191,191,2023-01-17,1.083012938499451,1.086909294128418,1.078702092170715,1.083012938499451,1.083012938499451,0,EURUSD=X,1.0857061743736267,1.083012938499451,sell,0.0,0.0,0.03441955499191434,0.021016929978813558,1.6377061267564532,62.08827094663177,none,0.008207201957702859,0.2135020911693573
192,192,2023-01-18,1.0793308019638062,1.0884472131729126,1.0767043828964231,1.0793308019638062,1.0793308019638062,0,EURUSD=X,1.0859118223190307,1.0793308019638062,sell,0.0,0.0,0.03114150212215289,0.019015317591703683,1.6377061267564534,62.08827094663178,none,0.01174283027648948,0.20358923077583313
193,193,2023-01-19,1.0797853469848633,1.0833063125610352,1.0782949924468994,1.0797853469848633,1.0797853469848633,0,EURUSD=X,3314.6150881171225,1.0797853469848633,sell,0.0,0.0,0.028175644766226072,0.01720433495723017,1.6377061267564534,62.08827094663178,none,0.005011320114135742,0.17283980250358583
194,194,2023-01-20,1.083388328552246,1.0856584310531616,1.0804619789123535,1.083388328552246,1.083388328552246,0,EURUSD=X,6641.4840627074245,1.083388328552246,sell,0.0,0.0,0.025492250017613804,0.015565826860587184,1.6377061267564534,62.08827094663178,none,0.0051964521408081055,0.12309962511062625
195,195,2023-01-23,1.0864723920822144,1.0919533967971802,1.0847516059875488,1.086507797241211,1.086507797241211,0,EURUSD=X,9934.38353637457,1.086507797241211,sell,3.540515899658203e-05,0.0,0.02306778859517343,0.014083367155094454,1.63794555244759,62.09171189783805,none,0.007201790809631348,0.09045972228050234
196,196,2023-01-24,1.0874292850494385,1.089680790901184,1.0839285850524902,1.0874292850494385,1.0874292850494385,0,EURUSD=X,13297.335823094845,1.0874292850494385,sell,0.0,0.0,0.020870856342001278,0.01274209408903358,1.63794555244759,62.09171189783805,none,0.005752205848693848,0.0682473182678223
197,197,2023-01-25,1.088814616203308,1.0922634601593018,1.0858116149902344,1.088814616203308,1.088814616203308,0,EURUSD=X,16648.99192391634,1.088814616203308,sell,0.0,0.0,0.018883155733079134,0.011528561315644432,1.6379455524475899,62.09171189783805,none,0.006451845169067383,0.04306989908218386
198,198,2023-01-26,1.0922038555145264,1.0932546854019165,1.0851635932922363,1.0922038555145264,1.0922038555145264,0,EURUSD=X,20019.29319870472,1.0922038555145264,sell,0.0,0.0,0.017084759944947223,0.010430603092646994,1.63794555244759,62.09171189783805,none,0.008091092109680176,0.022474473714828514
199,199,2023-01-27,1.0894432067871094,1.0901559591293335,1.0838816165924072,1.0894432067871094,1.0894432067871094,0,EURUSD=X,23416.485150194167,1.0894432067871094,sell,0.0,0.0,0.015457639946892117,0.009437212319905072,1.6379455524475903,62.09171189783805,none,0.0062743425369262695,0.00828821659088137
200,200,2023-01-30,1.0871455669403076,1.0915005207061768,1.0854581594467163,1.0871455669403076,1.0871455669403076,0,EURUSD=X,26835.37308087349,1.0871455669403076,sell,0.0,0.0,0.01398548375877391,0.008538430192551474,1.6379455524475903,62.09171189783805,none,0.006042361259460449,0.00829475522041322
201,201,2023-01-31,1.0850694179534912,1.0868383646011353,1.0804152488708496,1.0850694179534912,1.0850694179534912,0,EURUSD=X,30265.525303816794,1.0850694179534912,sell,0.0,0.0,0.012653532922394834,0.007725246363340098,1.63794555244759,62.09171189783805,none,0.0064231157302856445,0.007810580730438254
202,202,2023-01-03,33148.8984375,33387.51953125,32850.5703125,33136.37109375,33136.37109375,355930000,^DJI,33656.501953125,33136.37109375,sell,0.0,12.52734375,0.011448434547024221,1.200069867547361,0.009539806686773932,0.9449658768863145,buy,536.94921875,26.854843777418136
203,203,2023-01-04,33165.140625,33409.1015625,33033.48046875,33269.76953125,33269.76953125,379400000,^DJI,33672.5609375,33269.76953125,sell,104.62890625,0.0,9.975015859076146,1.0857774990542728,9.186979715240483,90.1835477447361,sell,375.62109375,45.63531314730644
204,204,2023-01-05,33191.71875,33191.71875,32812.328125,32930.078125,32930.078125,337920000,^DJI,33650.03984375,32930.078125,sell,0.0,261.640625,9.025014347520441,25.900524910592708,0.3484490904595305,25.840730133963348,buy,379.390625,64.60415943264961
205,205,2023-01-06,33055.30078125,33710.66015625,32997.390625,33630.609375,33630.609375,360740000,^DJI,33694.580859375,33630.609375,sell,575.30859375,0.0,62.956783874390176,23.43380824969827,2.686579287649535,72.8745831304886,sell,713.26953125,100.26710244417191
206,206,2023-01-09,33664.390625,33935.109375,33487.66015625,33517.6484375,33517.6484375,327840000,^DJI,33694.47578125,33517.6484375,sell,0.0,146.7421875,56.96089968984492,35.17746342820788,1.6192440880819587,61.8210458295894,none,447.44921875,122.63934499621391
207,207,2023-01-10,33516.4296875,33726.5390625,33421.80078125,33704.1015625,33704.1015625,268260000,^DJI,33716.10703125,33704.1015625,sell,187.671875,0.0,69.40956401642853,31.82722881294823,2.1808233580232637,68.56159907535846,none,304.73828125,137.87601981163024
208,208,2023-01-11,33754.03125,33974.69140625,33711.0390625,33973.01171875,33973.01171875,301650000,^DJI,33720.080859375,33973.01171875,buy,218.98046875,0.0,83.65441209802329,28.79606416159982,2.905064095862735,74.39222569843446,sell,263.65234375,151.05813539028168
209,209,2023-01-12,34047.859375,34292.671875,33792.1015625,34189.96875,34189.96875,308190000,^DJI,33717.720703125,34189.96875,buy,142.109375,0.0,89.22155142616904,26.0535818584517,3.4245406988914984,77.39878400823537,sell,500.5703125,176.08621517419814
210,210,2023-01-13,34075.30859375,34342.3203125,33915.48828125,34302.609375,34302.609375,274110000,^DJI,33696.531640625,34302.609375,buy,227.30078125,0.0,102.37195427539886,23.57228834645027,4.342894197237111,81.28355226429312,sell,426.83203125,197.42745254039764
211,211,2023-01-17,34222.3203125,34269.96875,33860.671875,33910.8515625,33910.8515625,353050000,^DJI,33637.9796875,33910.8515625,buy,0.0,311.46875,92.62224433846195,50.990998996844894,1.8164430225066392,64.49422225094409,none,409.296875,217.89188593029976
212,212,2023-01-18,33948.48828125,34016.53125,33269.8984375,33296.9609375,33296.9609375,351670000,^DJI,33655.4984375,33296.9609375,sell,0.0,651.52734375,83.80107820612159,108.18493662394494,0.7746094865075108,43.64957430899163,none,746.6328125,255.22293941378592
213,213,2023-01-19,33171.3515625,33227.48828125,32982.05078125,33044.55859375,33044.55859375,319770000,^DJI,31364.500390625,33044.55859375,buy,0.0,126.79296875,75.82002313488715,109.95713016064452,0.6895416697772674,40.81235059850106,none,245.4375,267.4945638477802
214,214,2023-01-20,33073.4609375,33381.94921875,32948.9296875,33375.48828125,33375.48828125,367330000,^DJI,29105.9205078125,33375.48828125,buy,302.02734375,0.0,97.36357748891541,99.4850225215669,0.9786757345087639,49.461148051716265,none,433.01953125,289.1452805876732
215,215,2023-01-23,33439.55859375,33782.87890625,33316.25,33629.55859375,33629.55859375,355220000,^DJI,26798.895703125,33629.55859375,buy,190.0,0.0,106.18609392214832,90.01025846802148,1.1797110210484922,54.122358865764845,none,466.62890625,312.47636581063273
216,216,2023-01-24,33444.71875,33782.921875,33310.55859375,33733.9609375,33733.9609375,299310000,^DJI,24492.86884765625,33733.9609375,buy,289.2421875,0.0,123.62000760267615,81.43785289646857,1.5179674218552088,60.28542739193934,none,472.36328125,336.0942422628403
217,217,2023-01-25,33538.359375,33773.08984375,33273.2109375,33743.83984375,33743.83984375,341720000,^DJI,22183.03779296875,33743.83984375,buy,205.48046875,0.0,131.41624200026772,73.68186690373385,1.7835628699794543,64.0748189744541,none,499.87890625,361.08786498308183
218,218,2023-01-26,33771.66015625,33953.7890625,33635.6015625,33949.41015625,33949.41015625,327000000,^DJI,19882.916796875,33949.41015625,buy,177.75,0.0,135.8289808587208,66.66454624411124,2.0374995182798408,67.07818407930785,none,318.1875,376.99683542847634
219,219,2023-01-27,33952.9296875,34164.328125,33830.8515625,33978.078125,33978.078125,441260000,^DJI,17581.1427734375,33978.078125,buy,25.1484375,0.0,125.28797672643192,60.315541838171356,2.077208840510524,67.50301809759213,none,333.4765625,393.6703498363495
220,220,2023-01-30,33909.2109375,34055.2890625,33695.1796875,33717.08984375,33717.08984375,343920000,^DJI,15283.444921875,33717.08984375,buy,0.0,192.12109375,113.35578846381507,72.86845154717027,1.5556223037130954,60.87058723242916,none,360.109375,411.6755164682865
221,221,2023-01-31,33803.55859375,34095.23046875,33664.91015625,34086.0390625,34086.0390625,360240000,^DJI,13019.651953125,34086.0390625,buy,282.48046875,0.0,129.4629008756342,65.9285990173125,1.963683481908025,66.25820516581622,none,430.3203125,433.1912109375
222,222,2023-01-03,10562.0595703125,10613.0595703125,10309.16015625,10386.98046875,10386.98046875,4780650000,^IXIC,10720.55908203125,10386.98046875,sell,0.0,175.0791015625,117.13310078973952,76.32388497610557,1.534684729772468,60.5473616401292,none,303.8994140625,421.538720703125
223,223,2023-01-04,10467.8203125,10515.2197265625,10337.6396484375,10458.759765625,10458.759765625,5085380000,^IXIC,10777.56201171875,10458.759765625,sell,0.0,9.060546875,105.97756737914564,69.91785277482465,1.515744022066207,60.25032788595521,none,177.580078125,411.636669921875
224,224,2023-01-05,10390.3095703125,10393.2197265625,10295.25,10305.240234375,10305.240234375,4764270000,^IXIC,10816.91298828125,10305.240234375,sell,0.0,85.0693359375,95.88446572231304,71.36085117150952,1.343656418725488,57.33162967019656,none,97.9697265625,397.565625
225,225,2023-01-06,10363.9599609375,10604.1396484375,10265.0400390625,10569.2900390625,10569.2900390625,5199780000,^IXIC,10900.43193359375,10569.2900390625,sell,205.330078125,0.0,106.30785738127769,64.56457963034477,1.6465352673234777,62.214748756727104,none,339.099609375,378.85712890625
226,226,2023-01-09,10662.099609375,10807.259765625,10619.1201171875,10635.650390625,10635.650390625,5132190000,^IXIC,10979.9439453125,10635.650390625,sell,0.0,26.44921875,96.18329953406558,60.934545260294726,1.5784691446075192,61.217298175107125,none,188.1396484375,365.891650390625
227,227,2023-01-10,10607.7197265625,10743.669921875,10589.58984375,10742.6298828125,10742.6298828125,4710680000,^IXIC,11049.805859375,10742.6298828125,sell,134.91015625,0.0,99.87157160270337,55.131255234791084,1.8115236298788007,64.43209691098673,none,154.080078125,358.358740234375
228,228,2023-01-11,10794.990234375,10932.4404296875,10762.73046875,10931.669921875,10931.669921875,5284390000,^IXIC,11106.87890625,10931.669921875,sell,136.6796875,0.0,103.37710645045497,49.88065949756012,2.0724887660218605,67.45309499390746,none,169.7099609375,353.66162109375
229,229,2023-01-12,10969.259765625,11027.75,10797.1201171875,11001.099609375,11001.099609375,5681240000,^IXIC,11164.9529296875,11001.099609375,sell,31.83984375,0.0,96.56403381163055,45.13012049731426,2.1396803896718417,68.14962429648708,none,230.6298828125,340.164599609375
230,230,2023-01-13,10906.3701171875,11084.009765625,10900.16015625,11079.16015625,11079.16015625,5077990000,^IXIC,11227.01396484375,11079.16015625,sell,172.7900390625,0.0,103.82365335999361,40.83201378289286,2.5427022510335258,71.77295947723898,sell,183.849609375,328.015478515625
231,231,2023-01-17,11070.0,11145.4404296875,11024.7197265625,11095.1103515625,11095.1103515625,5138410000,^IXIC,11258.47890625,11095.1103515625,sell,25.1103515625,0.0,96.32714842628123,36.94325056515404,2.6074356466385185,72.27947777996206,sell,120.720703125,313.586669921875
232,232,2023-01-18,11170.9501953125,11223.41015625,10952.0498046875,10957.009765625,10957.009765625,5288630000,^IXIC,11307.4228515625,10957.009765625,sell,0.0,213.9404296875,87.15313428976093,53.800124768539035,1.6199429771717908,61.831230346872175,none,271.3603515625,289.823046875
233,233,2023-01-19,10890.400390625,10932.51953125,10804.5703125,10852.26953125,10852.26953125,4660800000,^IXIC,11727.16689453125,10852.26953125,sell,0.0,38.130859375,78.85283578541426,52.30781377857751,1.5074771834128569,60.119278188648245,none,127.94921875,283.9486328125
234,234,2023-01-20,10924.66015625,11143.169921875,10885.650390625,11140.4296875,11140.4296875,5980110000,^IXIC,12176.969921875,11140.4296875,sell,215.76953125,0.0,91.8925210685516,47.32611722793275,1.941687306101565,66.00590423306284,none,257.51953125,275.1736328125
235,235,2023-01-23,11171.9404296875,11405.5,11144.0302734375,11364.41015625,11364.41015625,5997810000,^IXIC,12585.4669921875,11364.41015625,sell,192.4697265625,0.0,101.47130254469468,42.81886796788074,2.3697801310583517,70.32447337488668,sell,261.4697265625,264.915673828125
236,236,2023-01-24,11302.9296875,11378.150390625,11282.650390625,11334.26953125,11334.26953125,5670860000,^IXIC,13003.0,11334.26953125,sell,31.33984375,0.0,94.7921159924853,38.74088054216455,2.4468239922764807,70.98778463185924,sell,95.5,246.072509765625
237,237,2023-01-25,11146.5302734375,11334.2197265625,11069.1796875,11313.3603515625,11313.3603515625,5485570000,^IXIC,13421.01708984375,11313.3603515625,sell,166.830078125,0.0,101.65287429113016,35.051272871315426,2.9001193384425945,74.35975894011176,sell,265.0400390625,234.33056640625
238,238,2023-01-26,11458.400390625,11516.0498046875,11341.1904296875,11512.41015625,11512.41015625,5732890000,^IXIC,13850.498046875,11512.41015625,sell,54.009765625,0.0,97.11543537036077,31.7130564072441,3.0623171139120178,75.38350719653694,sell,174.859375,227.16416015625
239,239,2023-01-27,11470.4697265625,11691.8896484375,11470.26953125,11621.7099609375,11621.7099609375,6243800000,^IXIC,14274.166015625,11621.7099609375,sell,151.240234375,0.0,102.27017813289811,28.69276532072814,3.564319332407337,78.09092819383049,sell,221.6201171875,221.571337890625
240,240,2023-01-30,11512.33984375,11553.3095703125,11388.5400390625,11393.8095703125,11393.8095703125,5122320000,^IXIC,14697.95,11393.8095703125,sell,0.0,118.5302734375,92.53016116753412,37.24871847499285,2.4841166342314516,71.29832020618947,sell,164.76953125,211.804345703125
241,241,2023-01-31,11398.580078125,11586.009765625,11398.3701171875,11584.5498046875,11584.5498046875,5695150000,^IXIC,15150.4060546875,11584.5498046875,sell,185.9697265625,0.0,101.42916739589566,33.701221477267026,3.0096584915865483,75.06022016343047,sell,187.6396484375,199.6703125
242,242,2023-01-03,15184.3095703125,15327.5302734375,15053.169921875,15154.4501953125,15154.4501953125,3959140000,^NYA,15580.30703125,15154.4501953125,sell,0.0,29.859375,91.76924669125992,33.335331336564906,2.7529123909021997,73.35402759669537,sell,274.3603515625,198.193359375
243,243,2023-01-04,15154.4501953125,15407.599609375,15154.4501953125,15350.2998046875,15350.2998046875,4414080000,^NYA,15629.775,15350.2998046875,sell,195.849609375,0.0,101.68166218519522,30.160537875860957,3.371347772500315,77.12376017550253,sell,253.1494140625,201.971826171875
244,244,2023-01-05,15350.2998046875,15350.2998046875,15168.6904296875,15225.400390625,15225.400390625,3893450000,^NYA,15651.7080078125,15225.400390625,sell,0.0,124.8994140625,91.99769435781651,39.18328798907661,2.347880922689881,70.13035937979113,sell,181.609375,206.15380859375
245,245,2023-01-06,15225.400390625,15568.900390625,15225.400390625,15539.740234375,15539.740234375,3923560000,^NYA,15706.92294921875,15539.740234375,sell,314.33984375,0.0,113.17313715750187,35.451546275755476,3.1923328894372784,76.14693235550227,sell,343.5,206.373828125
246,246,2023-01-09,15539.740234375,15703.01953125,15507.98046875,15514.4404296875,15514.4404296875,4311770000,^NYA,15740.95791015625,15514.4404296875,sell,0.0,25.2998046875,102.39474314230377,34.48471374352292,2.969279197265659,74.80650893268289,sell,195.0390625,206.718798828125
247,247,2023-01-10,15514.4404296875,15614.6201171875,15464.1904296875,15608.169921875,15608.169921875,3851030000,^NYA,15776.33583984375,15608.169921875,sell,93.7294921875,0.0,101.56948114659446,31.200455291704262,3.255384583237164,76.50036135537066,sell,150.4296875,206.536279296875
248,248,2023-01-11,15608.169921875,15750.48046875,15608.169921875,15749.08984375,15749.08984375,4303360000,^NYA,15804.44580078125,15749.08984375,sell,140.919921875,0.0,105.3171421684037,28.228983359116327,3.7308159783371146,78.86199749516571,sell,142.310546875,205.16630859375
249,249,2023-01-12,15749.08984375,15911.0,15692.509765625,15859.5498046875,15859.5498046875,4440260000,^NYA,15828.123828125,15859.5498046875,buy,110.4599609375,0.0,105.80693443213381,25.540508753449636,4.142710525209995,80.55500119833857,sell,218.490234375,204.559326171875
250,250,2023-01-13,15859.5498046875,15940.6103515625,15749.91015625,15918.3701171875,15918.3701171875,3939700000,^NYA,15838.42685546875,15918.3701171875,buy,58.8203125,0.0,101.33201805758982,23.108079348329262,4.385133724448468,81.43035900000018,sell,190.7001953125,204.90185546875
251,251,2023-01-17,15918.3701171875,15973.2900390625,15871.25,15883.5595703125,15883.5595703125,4235560000,^NYA,15828.4798828125,15883.5595703125,buy,0.0,34.810546875,91.68134967104525,24.222600065167455,3.784950807278725,79.10114355870013,sell,102.0400390625,203.967822265625
252,252,2023-01-18,15883.5595703125,15965.25,15644.4501953125,15649.1298828125,15649.1298828125,4298710000,^NYA,15843.762890625,15649.1298828125,sell,0.0,234.4296875,82.94979255942918,44.242322678210314,1.8748968756173057,65.21614363001186,none,320.7998046875,206.439794921875
253,253,2023-01-19,15649.1298828125,15649.1298828125,15504.0703125,15569.6298828125,15569.6298828125,3991500000,^NYA,14675.605908203124,15569.6298828125,buy,0.0,79.5,75.04981231560203,47.60019670888756,1.5766702136671902,61.1902216008943,none,145.0595703125,207.2953125
254,254,2023-01-20,15569.6298828125,15777.5498046875,15538.2099609375,15777.5498046875,15777.5498046875,4013360000,^NYA,13521.967919921875,15777.5498046875,buy,207.919921875,0.0,87.70410846422047,43.06684464133708,2.036464690985022,67.06696432305287,none,239.33984375,206.386328125
255,255,2023-01-23,15777.5498046875,15940.900390625,15756.7802734375,15880.08984375,15880.08984375,3945210000,^NYA,12349.071948242188,15880.08984375,buy,102.5400390625,0.0,89.11705423549573,38.96524038975056,2.2870910930896535,69.57796508583934,none,184.1201171875,202.51884765625
256,256,2023-01-24,15880.08984375,15892.66015625,15752.490234375,15868.2197265625,15868.2197265625,3320430000,^NYA,11170.283959960938,15868.2197265625,buy,0.0,11.8701171875,80.62971573681979,36.38475246570928,2.2160303498782645,68.90576607780295,none,140.169921875,204.75234375
257,257,2023-01-25,15868.2197265625,15893.3095703125,15681.7998046875,15889.26953125,15889.26953125,3724020000,^NYA,9990.739990234375,15889.26953125,buy,21.0498046875,0.0,74.95543849399277,32.91953794514438,2.2769286318324125,69.48361980526826,none,211.509765625,202.075830078125
258,258,2023-01-26,15889.26953125,15988.26953125,15840.83984375,15985.8701171875,15985.8701171875,3809590000,^NYA,8812.704052734374,15985.8701171875,buy,96.6005859375,0.0,77.01688110767151,29.784343855113303,2.585817618891391,72.1123574514321,sell,147.4296875,200.704345703125
259,259,2023-01-27,15985.8701171875,16032.1201171875,15901.169921875,15962.580078125,15962.580078125,3907760000,^NYA,7627.5390625,15962.580078125,buy,0.0,23.2900390625,69.68194004976137,29.165838636766086,2.3891629147917315,70.49418912157985,sell,130.9501953125,196.170849609375
260,260,2023-01-30,15962.580078125,15974.400390625,15813.23046875,15818.900390625,15818.900390625,3802000000,^NYA,6452.623046875,15818.900390625,buy,0.0,143.6796875,63.04556480689694,40.07191948093293,1.5733103286179082,61.139548973982976,none,161.169921875,195.990869140625
261,261,2023-01-31,15818.900390625,16036.990234375,15809.66015625,16036.3896484375,16036.3896484375,4679320000,^NYA,5298.28701171875,16036.3896484375,buy,217.4892578125,0.0,77.75448795034791,36.25554619701894,2.1446232675082735,68.19968832729597,none,227.330078125,197.975390625
262,262,2023-01-03,4135.330078125,4135.330078125,3950.169921875,3967.56005859375,3967.56005859375,0,^XAX,4115.1060546875,3967.56005859375,sell,0.0,167.77001953125,70.34929862171592,48.780734133658754,1.4421533392457666,59.052530243295884,none,185.16015625,193.515380859375
263,263,2023-01-04,3967.56005859375,4035.320068359375,3902.18994140625,4033.25,4033.25,0,^XAX,4137.874072265625,4033.25,sell,65.68994140625,0.0,69.90555031547959,44.13494993043759,1.5839046022632812,61.29888080527103,none,133.130126953125,187.51441650390626
264,264,2023-01-05,4033.25,4057.25,3996.989990234375,4048.590087890625,4048.590087890625,0,^XAX,4158.68408203125,4048.590087890625,sell,15.340087890625,0.0,64.70883960833483,39.931621365621275,1.620491164529704,61.839214971004544,none,60.260009765625,181.4469482421875
265,265,2023-01-06,4048.590087890625,4119.02978515625,4048.590087890625,4092.2099609375,4092.2099609375,0,^XAX,4182.247094726563,4092.2099609375,sell,43.619873046875,0.0,62.700366602475995,36.12860980698025,1.7354768682619481,63.44330264304613,none,70.439697265625,167.79393310546874
266,266,2023-01-09,4092.2099609375,4133.85986328125,4060.760009765625,4072.780029296875,4072.780029296875,0,^XAX,4205.045092773437,4072.780029296875,sell,0.0,19.429931640625,56.728903116511084,34.53825950541866,1.6424945532536452,62.15697024734745,none,73.099853515625,161.69697265625
267,267,2023-01-10,4072.780029296875,4112.919921875,4030.7099609375,4108.91015625,4108.91015625,0,^XAX,4227.023095703125,4108.91015625,sell,36.130126953125,0.0,54.76711491046991,31.248901457276162,1.7526092872528047,63.670833901820004,none,82.2099609375,158.285986328125
268,268,2023-01-11,4108.91015625,4164.47021484375,4107.10009765625,4134.22021484375,4134.22021484375,0,^XAX,4243.36708984375,4134.22021484375,sell,25.31005859375,0.0,51.9616809755385,28.2728156041962,1.8378672185668852,64.76226958550242,none,57.3701171875,154.03896484375
269,269,2023-01-12,4134.22021484375,4237.2998046875,4134.22021484375,4213.419921875,4213.419921875,0,^XAX,4265.024072265625,4213.419921875,sell,79.19970703125,0.0,54.55577869513483,25.580166499029712,2.1327374353565762,68.07903564742324,none,103.07958984375,148.2684326171875
270,270,2023-01-13,4213.419921875,4277.85986328125,4165.14990234375,4275.5400390625,4275.5400390625,0,^XAX,4278.069091796875,4275.5400390625,sell,62.1201171875,0.0,55.276191884885094,23.143960165784737,2.3883635941701793,70.48722865159625,sell,112.7099609375,144.3689208984375
271,271,2023-01-17,4275.5400390625,4287.8798828125,4172.25,4204.580078125,4204.580078125,0,^XAX,4277.22607421875,4204.580078125,sell,0.0,70.9599609375,50.01179265774526,27.69786500119304,1.8056190488180617,64.35724228414847,none,115.6298828125,145.0484130859375
272,272,2023-01-18,4204.580078125,4287.14990234375,4190.43994140625,4195.240234375,4195.240234375,0,^XAX,4296.173046875,4195.240234375,sell,0.0,9.33984375,45.24876478557256,25.949482024886564,1.7437251634609598,63.55320083376751,none,96.7099609375,133.8439208984375
273,273,2023-01-19,4195.240234375,4244.830078125,4157.18994140625,4241.35009765625,4241.35009765625,0,^XAX,5283.575,4241.35009765625,sell,46.10986328125,0.0,45.33077416611337,23.478102784418134,1.9307681963211416,65.87925304856066,none,87.64013671875,130.97294921875
274,274,2023-01-20,4241.35009765625,4290.5400390625,4230.52001953125,4284.22021484375,4284.22021484375,0,^XAX,6277.606982421875,4284.22021484375,sell,42.8701171875,0.0,45.096425882435646,21.24209299542344,2.1229746942616043,67.97924741953634,none,60.02001953125,122.0069580078125
275,275,2023-01-23,4284.22021484375,4336.77978515625,4258.14990234375,4320.18994140625,4320.18994140625,0,^XAX,7298.26298828125,4320.18994140625,sell,35.9697265625,0.0,44.22721642339328,19.219036519666787,2.3012192301177894,69.7081614308808,none,78.6298828125,116.7324462890625
276,276,2023-01-24,4320.18994140625,4320.18994140625,4266.5498046875,4292.56005859375,4292.56005859375,0,^XAX,8309.874951171874,4292.56005859375,sell,0.0,27.6298828125,40.01510057354246,20.020069499937346,1.9987493336957542,66.65276457877297,none,53.64013671875,112.40595703125
277,277,2023-01-25,4292.56005859375,4292.56005859375,4220.43017578125,4272.35009765625,4272.35009765625,0,^XAX,9341.6208984375,4272.35009765625,sell,0.0,20.2099609375,36.204138614154324,20.03815439875285,1.8067601383692113,64.37173286275109,none,72.1298828125,105.436962890625
278,278,2023-01-26,4272.35009765625,4352.85986328125,4272.35009765625,4350.7900390625,4350.7900390625,0,^XAX,10393.668896484374,4350.7900390625,sell,78.43994140625,0.0,40.22659602292834,18.129758741727347,2.2188158483511997,68.93267440222658,none,80.509765625,102.090966796875
279,279,2023-01-27,4350.7900390625,4380.509765625,4321.10009765625,4343.8701171875,4343.8701171875,0,^XAX,11436.049853515626,4343.8701171875,sell,0.0,6.919921875,36.395491639789725,17.062155230609736,2.1331122093236923,68.08285394234706,none,59.40966796875,98.5139404296875
280,280,2023-01-30,4343.8701171875,4352.4501953125,4266.509765625,4267.10986328125,4267.10986328125,0,^XAX,12496.453857421875,4267.10986328125,sell,0.0,76.76025390625,32.92925434076002,22.747688437817047,1.4475868363845075,59.143431189670636,none,85.9404296875,94.7524658203125
281,281,2023-01-31,4267.10986328125,4394.0498046875,4243.7900390625,4394.0498046875,4394.0498046875,0,^XAX,13575.5728515625,4394.0498046875,sell,126.93994140625,0.0,41.88265310890687,20.58124191992851,2.034991536072103,67.05097895283743,none,150.259765625,90.8989501953125
282,282,2023-01-02,13992.7099609375,14095.91015625,13976.4404296875,14069.259765625,14069.259765625,34978500,^GDAXI,14644.81982421875,14069.259765625,sell,76.5498046875,0.0,45.18428659258406,18.621123641839098,2.4265069853819776,70.81576064878436,sell,119.4697265625,87.6144287109375
283,283,2023-01-03,14116.0703125,14293.8701171875,14083.759765625,14181.669921875,14181.669921875,57907500,^GDAXI,14751.2978515625,14181.669921875,sell,65.599609375,0.0,47.12860304805312,16.847683294996475,2.7973343410396168,73.66573732545697,sell,210.1103515625,91.46343994140625
284,284,2023-01-04,14266.98046875,14492.7802734375,14264.599609375,14490.7802734375,14490.7802734375,76221600,^GDAXI,14851.837890625,14490.7802734375,sell,223.7998046875,0.0,63.95443177562639,15.243142028805677,4.195620014218113,80.75301894165773,sell,228.1806640625,99.85947265625
285,285,2023-01-05,14451.23046875,14501.599609375,14403.73046875,14436.3095703125,14436.3095703125,60947500,^GDAXI,14920.93984375,14436.3095703125,sell,0.0,14.9208984375,57.86353351127877,15.21245216296703,3.803695347167033,79.1826931616355,sell,97.869140625,101.23094482421875
286,286,2023-01-06,14476.7197265625,14610.23046875,14388.98046875,14610.01953125,14610.01953125,55433700,^GDAXI,14969.344921875,14610.01953125,sell,133.2998046875,0.0,65.0479402899689,13.763647195064923,4.726068560758548,82.53601071329948,sell,221.25,108.6384521484375
287,287,2023-01-09,14650.73046875,14832.8896484375,14628.6103515625,14792.830078125,14792.830078125,64976500,^GDAXI,15011.69892578125,14792.830078125,sell,142.099609375,0.0,72.38619448854553,12.45282365267739,5.812833820463065,85.32182016540027,sell,204.279296875,114.7419189453125
288,288,2023-01-10,14741.9697265625,14790.8203125,14692.740234375,14774.599609375,14774.599609375,57438600,^GDAXI,15042.7109375,14774.599609375,sell,32.6298828125,0.0,68.59987909082587,11.26684044766017,6.088652751364051,85.89294700875885,sell,98.080078125,116.7774169921875
289,289,2023-01-11,14805.400390625,14965.4697265625,14794.990234375,14947.91015625,14947.91015625,66367800,^GDAXI,15074.56201171875,14947.91015625,sell,142.509765625,0.0,75.6389159036061,10.193808024073222,7.420084400744134,88.12363448623361,sell,170.4794921875,120.147412109375
290,290,2023-01-12,14972.2802734375,15095.0302734375,14934.509765625,15058.2998046875,15058.2998046875,65971500,^GDAXI,15087.9349609375,15058.2998046875,sell,86.01953125,0.0,76.62754593659622,9.22296916463746,8.30833808166682,89.25694370760401,sell,160.5205078125,122.537939453125
291,291,2023-01-13,15063.2099609375,15132.3701171875,15041.16015625,15086.51953125,15086.51953125,66451100,^GDAXI,15095.38994140625,15086.51953125,sell,23.3095703125,0.0,71.54964349620508,8.344591148957523,8.574373773260739,89.55545267312631,sell,91.2099609375,121.316943359375
292,292,2023-01-16,15112.0498046875,15153.1904296875,15083.9404296875,15134.0400390625,15134.0400390625,42102700,^GDAXI,15101.741015625,15134.0400390625,buy,21.990234375,0.0,66.82969977037516,7.549868182389994,8.851770409217858,89.84954014900363,sell,69.25,119.9439453125
293,293,2023-01-17,15130.0302734375,15269.7099609375,15083.9501953125,15187.0703125,15187.0703125,57914400,^GDAXI,15100.94501953125,15187.0703125,buy,57.0400390625,0.0,65.89735113152975,6.830833117400352,9.647044511110625,90.60772218096338,sell,185.759765625,124.8499267578125
294,294,2023-01-18,15182.9501953125,15250.3603515625,15156.8896484375,15181.7998046875,15181.7998046875,58258000,^GDAXI,15095.06494140625,15181.7998046875,buy,0.0,1.150390625,59.62141292852598,6.2898385943145225,9.47900522954892,90.45710944794475,sell,93.470703125,126.5224609375
295,295,2023-01-19,15115.5498046875,15134.0703125,14906.26953125,14920.3603515625,14920.3603515625,64167400,^GDAXI,14236.341943359375,14920.3603515625,buy,0.0,195.189453125,53.94318312580844,24.280278073429873,2.221687204844616,68.96036342397707,none,227.80078125,133.981005859375
296,296,2023-01-20,14986.51953125,15034.4296875,14940.6796875,15033.5595703125,15033.5595703125,64031100,^GDAXI,13406.694921875,15033.5595703125,buy,47.0400390625,0.0,53.285740834064704,21.967870637864838,2.425621568538324,70.80821742879529,sell,93.75,135.9864990234375
297,297,2023-01-23,15077.400390625,15145.900390625,15022.830078125,15102.9501953125,15102.9501953125,39903900,^GDAXI,12580.981982421876,15102.9501953125,buy,25.5498046875,0.0,50.644223105820146,19.87569248187748,2.54804823288533,71.81549025372792,sell,123.0703125,138.5335205078125
298,298,2023-01-24,15140.5,15147.4501953125,15022.5498046875,15093.1103515625,15093.1103515625,48335400,^GDAXI,11746.836962890626,15093.1103515625,buy,0.0,47.3896484375,45.82096376240822,22.49606923955608,2.036843115767029,67.07106814941852,none,124.900390625,140.7530517578125
299,299,2023-01-25,15095.7197265625,15114.41015625,14969.650390625,15081.6396484375,15081.6396484375,53589900,^GDAXI,10923.620947265625,15081.6396484375,buy,0.0,14.080078125,41.45706245170228,21.69454627626495,1.910943972912613,65.64688261590186,none,144.759765625,145.020556640625
300,300,2023-01-26,15146.2900390625,15151.5400390625,15068.7197265625,15132.849609375,15132.849609375,62001200,^GDAXI,10106.19296875,15132.849609375,buy,0.0,13.4404296875,37.508770789635065,20.908439934477748,1.7939535855940922,64.20842475135947,none,82.8203125,144.86455078125
301,301,2023-01-27,15115.75,15186.490234375,15077.6201171875,15150.0302734375,15150.0302734375,55135800,^GDAXI,9279.822021484375,15150.0302734375,buy,34.2802734375,0.0,37.20129485133646,18.917159940717816,1.966536994343605,66.29066140396249,none,108.8701171875,142.795068359375
302,302,2023-01-30,15070.2998046875,15161.0703125,14988.98046875,15126.080078125,15126.080078125,54664400,^GDAXI,8457.23798828125,15126.080078125,buy,55.7802734375,0.0,38.970721383352156,17.11552566064933,2.2769222608774777,69.48356047566948,none,172.08984375,145.42607421875
303,303,2023-01-31,15081.169921875,15136.2197265625,14993.58984375,15128.26953125,15128.26953125,57047200,^GDAXI,7642.197998046875,15128.26953125,buy,47.099609375,0.0,39.74490119208057,15.485475597730245,2.5665922199965303,71.96203158877039,sell,142.6298828125,142.05205078125
304,304,2023-01-02,6521.06982421875,6601.10986328125,6518.2099609375,6594.56982421875,6594.56982421875,47388200,^FCHI,6831.721044921875,6594.56982421875,sell,73.5,0.0,42.95967250712069,14.010668397946331,3.0662114959067677,75.40708344839797,sell,82.89990234375,134.7880126953125
305,305,2023-01-03,6580.08984375,6696.10009765625,6580.08984375,6623.89013671875,6623.89013671875,73986700,^FCHI,6876.595068359375,6623.89013671875,sell,43.80029296875,0.0,43.03973159870444,12.676319026713278,3.395286242639146,77.2483532403671,sell,116.01025390625,135.695068359375
306,306,2023-01-04,6660.60009765625,6780.830078125,6659.830078125,6776.43017578125,6776.43017578125,94387100,^FCHI,6921.9220703125,6776.43017578125,sell,115.830078125,0.0,49.972145553590046,11.469050547978625,4.357130116790482,81.33328894017771,sell,121.0,130.682568359375
307,307,2023-01-05,6744.5,6792.08984375,6732.0400390625,6761.5,6761.5,71666600,^FCHI,6952.61806640625,6761.5,sell,17.0,0.0,46.831941215152774,10.376760019599665,4.513156430976183,81.86157036318784,sell,60.0498046875,123.47109375
308,308,2023-01-06,6772.93994140625,6860.9501953125,6757.4599609375,6860.9501953125,6860.9501953125,0,^FCHI,6971.655078125,6860.9501953125,sell,88.01025390625,0.0,50.7536852809717,9.388497160590138,5.4059435086180985,84.3894970560594,sell,103.490234375,123.7416015625
309,309,2023-01-09,6861.58984375,6928.43017578125,6851.66015625,6907.35986328125,6907.35986328125,78531000,^FCHI,6985.15908203125,6907.35986328125,sell,45.77001953125,0.0,50.279050447664865,8.494354573867238,5.919113690208748,85.54728185179118,sell,76.77001953125,119.0561279296875
310,310,2023-01-10,6882.009765625,6885.43994140625,6845.81005859375,6869.14013671875,6869.14013671875,64470300,^FCHI,6997.62509765625,6869.14013671875,sell,0.0,12.86962890625,45.49056945264902,8.911047367427514,5.104963263794374,83.61988505433729,sell,39.6298828125,113.0115966796875
311,311,2023-01-11,6879.10009765625,6946.669921875,6874.7099609375,6924.18994140625,6924.18994140625,76436500,^FCHI,7015.75908203125,6924.18994140625,sell,45.08984375,0.0,45.45240510001578,8.062376189577252,5.637594182069425,84.93430040207389,sell,71.9599609375,112.0490966796875
312,312,2023-01-12,6947.33984375,7015.7001953125,6946.2998046875,6975.68017578125,6975.68017578125,82168400,^FCHI,7027.728076171875,6975.68017578125,sell,28.34033203125,0.0,43.82268385537138,7.294530838188924,6.007608279061251,85.72979595637499,sell,69.400390625,112.0566162109375
313,313,2023-01-13,6989.58984375,7035.81982421875,6977.85986328125,7023.5,7023.5,76364900,^FCHI,7039.75908203125,7023.5,sell,33.91015625,0.0,42.87863360724075,6.599813615504249,6.496946142010811,86.66123537427758,sell,57.9599609375,105.6666259765625
314,314,2023-01-16,7036.47998046875,7052.52001953125,7016.31982421875,7043.31005859375,7043.31005859375,56440600,^FCHI,7047.130078125,7043.31005859375,sell,6.830078125,0.0,39.44543784702728,5.971259937837165,6.605881883834839,86.8522807049456,sell,36.2001953125,102.8031005859375
315,315,2023-01-17,7036.91015625,7104.89990234375,7020.81982421875,7077.16015625,7077.16015625,82336900,^FCHI,7051.000048828125,7077.16015625,buy,40.25,0.0,39.522062813977065,5.402568515185996,7.315420934114045,87.97415058211308,sell,84.080078125,95.6170654296875
316,316,2023-01-18,7073.6201171875,7115.2001953125,7072.4501953125,7083.39013671875,7083.39013671875,68097000,^FCHI,7051.526025390625,7083.39013671875,buy,9.77001953125,0.0,36.68853488228873,4.888038180406368,7.505779113869078,88.24328745653115,sell,42.75,93.0670654296875
317,317,2023-01-19,7047.64013671875,7056.14013671875,6946.740234375,6951.8701171875,6951.8701171875,80486000,^FCHI,7047.985568576389,6951.8701171875,sell,0.0,95.77001953125,33.19438870302308,13.543464975724941,2.450952452900354,71.02249266982656,sell,109.39990234375,92.383544921875
318,318,2023-01-20,6996.22021484375,7015.9599609375,6965.4501953125,6995.990234375,6995.990234375,64034900,^FCHI,7060.0,6995.990234375,sell,0.0,0.22998046875,30.033018350354173,12.275514070298739,2.446579277931884,70.98572470382724,sell,50.509765625,88.664013671875
319,319,2023-01-23,7014.91015625,7044.509765625,6988.509765625,7032.02001953125,7032.02001953125,51105500,^FCHI,7069.144252232143,7032.02001953125,sell,17.10986328125,0.0,28.80224167710614,11.106417492175034,2.5932972263467136,72.17040681556158,sell,56.0,84.226025390625
320,320,2023-01-24,7053.0400390625,7064.68994140625,7011.39990234375,7050.47998046875,7050.47998046875,57820900,^FCHI,7075.331624348958,7050.47998046875,sell,0.0,2.56005859375,26.059171041191238,10.292478549467878,2.5318654701047203,71.6863507836172,sell,53.2900390625,82.74951171875
321,321,2023-01-25,7057.81982421875,7070.83984375,6999.93017578125,7043.8798828125,7043.8798828125,55620400,^FCHI,7080.301953125,7043.8798828125,sell,0.0,13.93994140625,23.577345227744427,10.639855964399512,2.215945902522852,68.90494957593914,none,70.90966796875,80.8514892578125
322,322,2023-01-26,7095.10986328125,7117.52978515625,7078.02001953125,7095.990234375,7095.990234375,68505600,^FCHI,7089.407470703125,7095.990234375,buy,0.88037109375,0.0,21.41572864355446,9.626536348742407,2.22465566718108,68.98893701496579,none,39.509765625,74.2224853515625
323,323,2023-01-27,7085.47021484375,7117.47998046875,7062.68994140625,7097.2099609375,7097.2099609375,68167800,^FCHI,7087.213216145833,7097.2099609375,buy,11.73974609375,0.0,20.494206495954028,8.709723363147884,2.353026111330702,70.1761940767251,sell,54.7900390625,69.8304931640625
324,324,2023-01-30,7054.240234375,7103.66015625,7030.9501953125,7082.009765625,7082.009765625,60633400,^FCHI,7082.21484375,7082.009765625,sell,27.76953125,0.0,21.187094567767936,7.880225899990936,2.6886405081093305,72.8897408733234,sell,72.7099609375,69.32099609375
325,325,2023-01-31,7075.08984375,7088.97021484375,7025.52978515625,7082.419921875,7082.419921875,78055900,^FCHI,7082.419921875,7082.419921875,none,7.330078125,0.0,19.86737871607574,7.12972819522989,2.7865548548355483,73.59076949002947,sell,63.4404296875,66.6925048828125
